"","fundamentalism","desconfia","antidemocr"
"1",0.779996850697814,0.97999885461988,0.530648343136237
"2",0.530338059478533,0.533273222780593,0.380731125215314
"3",0.916559608029871,0.76525415641521,0.916702045923233
"4",0.97914897727188,0.82560382386613,0.273403518724793
"5",0.960806557559522,0.668887154502543,0.213855590911892
"6",0.979351153395591,0.987248501898244,0.318070849423203
"7",0.953779745670278,0.973756956803837,0.744767910608479
"8",0.805693751478928,0.62174368215867,0.398782644308443
"9",0.470195658645121,0.648959187738386,0.670429575427529
"10",0.740828411743538,0.33308832615876,0.503940830194264
"11",0.737596915121315,0.829346479263715,0.157280429352479
"12",0.974330592146661,0.662283279173517,0.3796465707779
"13",0.444958404647243,0.8542827416847,0.369292922379203
"14",0.785237532977913,0.955714129112357,0.159096741098958
"15",0.963029016614936,0.620589113071359,0.509473359851177
"16",0.964056360307385,0.698662247050588,0.452097386839266
"17",0.941498442112111,0.950753363925139,0.313576995604177
"18",0.991865660570061,0.99406397801531,0.155490404259442
"19",0.0328532231744718,0.964374491965679,0.703515743132242
"20",0.821477561133119,0.943458301446893,0.489042261347253
"21",0.903306757729581,0.98840094056548,0.279520995391262
"22",0.984079072806715,0.788404767102743,0.262875218490562
"23",0.893727958287362,0.661909761041785,0.377076245817527
"24",0.773609471398122,0.983820210211165,0.357685179342347
"25",0.82620904991304,0.979720002845531,0.513476401615125
"26",0.859802049629486,0.661441584851543,0.406801683981715
"27",0.985528555811181,0.990107709116523,0.247393397494071
"28",0.770258804792856,0.594484546860848,0.26807040502771
"29",0.470571304924003,0.984274673651724,0.272384320501007
"30",0.980084323298714,0.948940873424807,0.334702611259506
"31",0.478353405649198,0.615363069756365,0.473993761705295
"32",0.965819773326725,0.623791581488861,0.451366219190069
"33",0.9575064743396,0.664360543448541,0.333047379050919
"34",0.984262204441852,0.791757998550149,0.276899548636805
"35",0.976848149553971,0.827760402176973,0.229448126380249
"36",0.471638110234844,0.818305911348742,0.368283717778114
"37",0.967230144690932,0.617893278677754,0.552800047529788
"38",0.972090716962836,0.544855297720262,0.327014703335626
"39",0.320750185498949,0.32864521648103,0.516159003676193
"40",0.965224669219491,0.902305433986122,0.576000768819605
"41",0.242622542490892,0.64796796516566,0.580745314846725
"42",0.121065515856136,0.600415538954569,0.804943473068458
"43",0.954996939423712,0.786902086913797,0.446259079236396
"44",0.844694698575165,0.344448939981132,0.24115602926687
"45",0.414629178417582,0.645170195584741,0.727049051162685
"46",0.939091635771971,0.328433770703379,0.690571304872497
"47",0.978955103340027,0.860929940359375,0.342711736517855
"48",0.791242579670623,0.291780996789031,0.699744463687345
"49",0.957332422750638,0.948065593323425,0.359115326162128
"50",0.925444030473411,0.98894028389191,0.265833464774042
"51",0.950843495541978,0.624037699816608,0.377831368541188
"52",0.954537658629854,0.687811112129464,0.662922251200781
"53",0.964783229022396,0.941530757298461,0.574425684929789
"54",0.846659249863684,0.490355617377875,0.642219049260756
"55",0.411088925593836,0.936282121134371,0.549354258190714
"56",0.899155457804556,0.976818924389233,0.636385889744791
"57",0.0844366604056616,0.770132650247728,0.684743330767149
"58",0.821360734512615,0.748859952654703,0.348550836988844
"59",0.98140506361147,0.631192317440019,0.210228264199237
"60",0.981589827836346,0.754202032647791,0.281790071943106
"61",0.961685898944532,0.664569480286065,0.407961720573898
"62",0.758389205231593,0.948166081108005,0.294386477248247
"63",0.304782511196068,0.944891817299262,0.269135941579468
"64",0.374610444843336,0.940165638370059,0.408672606075256
"65",0.243719029725603,0.986159372055829,0.193823431127507
"66",0.980758583600976,0.948382322054339,0.358133381181681
"67",0.980164807440311,0.9493789752433,0.342980941542423
"68",0.734342987173255,0.297596717633632,0.440279901603324
"69",0.905135845567442,0.792843835003402,0.129072862733799
"70",0.962103921983577,0.143952284899471,0.377865836922881
"71",0.970050234308804,0.982674716315173,0.437987313726387
"72",0.932631974365333,0.751940418751786,0.325700435506351
"73",0.76351060539705,0.328817310215699,0.678385369879848
"74",0.880822059750159,0.618788250257522,0.491781906948075
"75",0.83627853632988,0,0.852491760720176
"76",0.955938377464825,0.917536543002653,0.209775960519324
"77",0.938909931936682,0.664457409623455,0.3162129261179
"78",0.756287573217606,0.946579121185411,0.336483735118607
"79",0.981752384112174,0.874409890555039,0.294512932552605
"80",0.969834280985121,0.463894213935413,0.411090491151276
"81",0.897546902469582,0.910612940284014,0.323436310460433
"82",0.552555234134783,0.812838765268375,0.49325772892424
"83",0.955999738732783,0.95018710582856,0.345156638960381
"84",0.971481468378907,0.697704494422261,0.445187837005787
"85",0.770718843836437,0.692784768276901,0.604544830923045
"86",0.499043687087969,0.657324757781049,0.387811174732636
"87",0.962127765590376,0.990932483001634,0.227077090446034
"88",0.714831771594281,0.657979867131316,0.480215362163104
"89",0.961240263088472,0.989024725673105,0.284244496864869
"90",0.881145049277178,0.989475313537987,0.246715745539392
"91",0.964206118768386,0.822691085818754,0.343530456518336
"92",0.941708605109963,0.973856610160423,0.709314071352202
"93",0.51852191937329,0.648272930937166,0.700597191286283
"94",0.856942778487883,0.809259702814196,0.697253990099309
"95",0.773437959123274,0.972785576719187,0.664372810914084
"96",0.898377237768491,0.947878796652841,0.334220135218231
"97",0.792337827938162,0.949720844371804,0.297874612777984
"98",0.893052016212397,0.820936030386065,0.382073471002705
"99",0.932745301175622,0.950096247004119,0.306233384294378
"100",0.984915259856377,0.953109333098101,0.230438827344245
"101",0.976770235197703,0.913434495772041,0.271497807705833
"102",0.845198893056521,0.615560749107324,0.564352271721592
"103",0.87882494361271,0.988401800603872,0.263670221045169
"104",0.83382602143717,0.948966213682701,0.301080340811208
"105",0.867712400206935,0.992118283869229,0.172671796428435
"106",0.871756282367978,0.788054212550299,0.379489143167895
"107",0.965054428210094,0.904244168572734,0.541020270969969
"108",0.974049418911717,0.949431701830341,0.359342412748483
"109",0.483222417814516,0.978749180613753,0.421196376569589
"110",0.988470277160131,0.798399728432217,0.113430587961789
"111",0.949131660634274,0.995732137887825,0.108621935747333
"112",0.83936378563511,0.987652093888902,0.277013964654488
"113",0.919303171392461,0.942632344663644,0.553409178392138
"114",0.831626694625107,0.663534760954744,0.321213199345845
"115",0.974220426926775,0.702302398892607,0.344659511739268
"116",0.972558671511795,0.822482285695296,0.46214347225873
"117",0.898641105520108,0.985930991078885,0.33359680422577
"118",0.574405761561741,0.934874785067301,0.598531312016085
"119",0.963449770489699,0.626915807737107,0.389863305197993
"120",0.971855761297709,0.984232686613534,0.399018765765826
"121",0.740246870888701,0.952199633527754,0.185203012328109
"122",0.969978548785548,0.661905545138858,0.394128556249177
"123",0.934472634711436,0.99824005768564,0.0419376000749717
"124",0.987189589780946,0.671798338093115,0.148258737987893
"125",0.852601858984125,0.951273544962195,0.290137562379468
"126",0.971418010492302,0.66103732161696,0.435869024051702
"127",0.71849762559027,0.955667785335858,0.123510156342007
"128",0.976957313986662,0.912399977912612,0.340169470190678
"129",0.942620695755256,0.863788194275302,0.609042564258661
"130",0.963704317184353,0.301206134337696,0.435747284884671
"131",0.957444120837403,0.664910514754662,0.30635490740954
"132",0.965446932649117,0.943740461128157,0.529761112975371
"133",0.965994100224664,0.672003475039336,0.127098458390354
"134",0.898371045968276,0.860544624927611,0.67746508728245
"135",0.212171503318649,0.817614568700106,0.282728107055787
"136",0.966359101362752,0.780942480565643,0.483391450743275
"137",0.975992627919648,0.789747462801011,0.360391642569398
"138",0.831357800425246,0.169683397090776,0.639899403607956
"139",0.87076795217661,0.82423877715654,0.325499870911587
"140",0.853618061264192,0.945318609955546,0.393888399182438
"141",0.978031827933215,0.787110404124786,0.397866782840862
"142",0.972067073716068,0.987598821367778,0.352298045759806
"143",0.973795547504966,0.98992447818735,0.248988171268359
"144",0.253386407002845,0.00154975040133535,0.590014987443198
"145",0.964643458841732,0.628874751433974,0.407231888043302
"146",0.959257824112728,0.783777924162761,0.564582143043022
"147",0.79393181377686,0.791655030629336,0.254032497482627
"148",0.975181129312792,0.698772598875396,0.421557631592528
"149",0.984002696388245,0.993581158460197,0.174699051348649
"150",0.713142148259846,0.686727793693448,0.679804320362441
"151",0.816952582516776,0.984308698099615,0.360241480458698
"152",0.975475381651301,0.631143203726808,0.261135009212072
"153",0.539098757717095,0.686482782445348,0.704367955212241
"154",0.972591986601675,0.65812197591109,0.483338724594252
"155",0.874082878761267,0.732669876003244,0.393454957610209
"156",0.84555738290802,0.977668719946906,0.562330984329576
"157",0.907098068455594,0.957595133164325,0.0894755027115177
"158",0.977154535923918,0.662379382070576,0.3789267776783
"159",0.983026790016722,0.948912969075344,0.335618573204132
"160",0.956550845953085,0.985470806721655,0.411086335996936
"161",0.922610392146612,0.787586331567578,0.427173161308913
"162",0.909559153204865,0.79750307596713,0.111099955132498
"163",0.982762051716593,0.986765628237623,0.341648445956707
"164",0.899305413174668,0.984491532276896,0.374345921234706
"165",0.973858451041919,0.878574659749889,0.261452983626007
"166",0.96546697692114,0.657449810507869,0.535627244894783
"167",0.768630941324455,0.280151788060833,0.945766924424732
"168",0.886468628997305,0.950371039590849,0.321841812435929
"169",0.952755709949757,0.97423367819515,0.724809102639458
"170",0.96686720538985,0.989584445670674,0.260325638481488
"171",0.963220238603959,0.426899517182771,0.410765547145581
"172",0.933218750633335,0.995968148953159,0.0910543346702697
"173",0.746977872761733,0.626741147003616,0.275529294933329
"174",0.986642246550759,0.667592771845089,0.152067482652682
"175",0.947509877752558,0.952724298549407,0.226594510102762
"176",0.981251336374075,0.66531639125129,0.301590514309635
"177",0.947088195184985,0.00289249775893106,0.757446112797658
"178",0.553408059333608,0.980118493003129,0.481328676240129
"179",0.958792740925741,0.951102091931574,0.277825819528507
"180",0.899974273206639,0.94757641274168,0.34868069293212
"181",0.983259142558258,0.543238900565376,0.217341918147929
"182",0.0920960603788518,0.931709115937885,0.57809475325129
"183",0.966078980750686,0.695800155372713,0.52753186816654
"184",0.920958448728833,0.736684465114597,0.29393677646387
"185",0.896233722690234,0.909351274942674,0.355096951997666
"186",0.990147626477838,0.959006865137058,0.0750366303620715
"187",0.914405599873446,0.988098377357119,0.325233994336729
"188",0.979568017892191,0.988713240928643,0.306559250194832
"189",0.85720952755812,0.972938334334734,0.704799492694888
"190",0.0296583460574047,0.970354900177025,0.593688086845045
"191",0.782317127638351,0.696359768406741,0.42290494439632
"192",0.606915159840731,0.980515844393684,0.413778920749774
"193",0.866542277449242,0.940064278493601,0.554868264779506
"194",0.952297372637422,0.459151026462847,0.613883944604995
"195",0.975021774298219,0.664994552002279,0.342380354351025
"196",0.949314620902894,0.935362304817273,0.758376482513377
"197",0.0254244762940843,0.322765033114088,0.66764796236905
"198",0.890043471188668,0.624081428147228,0.393608858221761
"199",0.960845978762825,0.825204805740309,0.28096668135723
"200",0.434201287808911,0.604243565750309,0.729644827795461
"201",0.942239699952475,0.945117794515719,0.430729855999207
"202",0.974632275767689,0.665124583008966,0.308451850347715
"203",0.970080398228377,0.987907615333331,0.391376889732407
"204",0.853374507251987,0.536878630156045,0.347319218734268
"205",0.846987206952997,0.984062752901924,0.386224136361436
"206",0.673892397709199,0.69875293850988,0.336327348136185
"207",0.626031520670667,0.90444821313678,0.424463481270393
"208",0.799175865735768,0.584420053833375,0.549667769347478
"209",0.562134195101399,0.613393885534103,0.55182439086766
"210",0.130603356296298,0.642394663386838,0.715390163971131
"211",0.977266672926839,0.906460797165188,0.448515878473318
"212",0.972874524772351,0.786145452793711,0.333689480284099
"213",0.711522865572387,0.980974711991816,0.450242248263656
"214",0.981339810502644,0.989768178670627,0.260254443939988
"215",0.720733781272317,0.65230626136987,0.603982178639708
"216",0.968816729609259,0.984935708544772,0.419826040557167
"217",0.982883933808962,0.986870010407773,0.339032490224756
"218",0.867009706051373,0.656549989972587,0.576167786222393
"219",0.994327535883706,0.958703901663831,0.090980822462815
"220",0.956756396809266,0.662787932531683,0.401146012443348
"221",0.308462799894903,0.983814450970362,0.231409092772368
"222",0.548299296011947,0.329508697147795,0.55580194526683
"223",0.972558563405913,0.954891902822956,0.249630254125848
"224",0.615713080382343,0.826669574205079,0.156480134289556
"225",0.532678728442531,0.825372851228147,0.167766328195035
"226",0.981703168274558,0.916421831866126,0.222250519588414
"227",0.928121302601919,0.703678428117972,0.338865259390843
"228",0.850697315958826,0.947184872148679,0.39247511596169
"229",0.805264460900578,0.657010022434899,0.468642558231972
"230",0.249525071406487,0.652696941837515,0.454512243008815
"231",0.83696788287732,0.497789216439145,0.517756909046711
"232",0.734559996847262,0.850811491640252,0.602468434507195
"233",0.572923693114111,0.938358479312159,0.525402285237839
"234",0.869203410213685,0.624405301314712,0.367324885315078
"235",0.931196466254425,0.65105819310359,0.726670977985456
"236",0.884085036944895,0.945740121121476,0.420059305314763
"237",0.958325071376294,0.658614654519306,0.5371154186645
"238",0.973747797376531,0.946742148215184,0.42772427225721
"239",0.962986978890504,0.955895172742355,0.199240657124009
"240",0.978805914547574,0.948001362864996,0.376109960750921
"241",0.291963017789765,0.773961468804232,0.57812110339085
"242",0.86636302566701,0.525459089722684,0.706571363351371
"243",0.98654555192108,0.953490740020107,0.214256123455703
"244",0.811575484082053,0.945700689821292,0.382902540646047
"245",0.907078449986141,0.907365003331391,0.450284064127391
"246",0.752145003267119,0.37250273462952,0.500522583597119
"247",0.83852256599371,0.785402721478908,0.477633945863144
"248",0.614953150962403,0.939918057827388,0.533234921920224
"249",0.254541804057207,0.977056425786575,0.420096439805374
"250",0.971007748304336,0.666375577388535,0.382724535850717
"251",0.977386649281619,0.826725921007659,0.356502935722011
"252",0.972345340371866,0.752679711034653,0.344835732555897
"253",0.744031323523763,0.532007371861549,0.451993769537333
"254",0.911836833294006,0.922162892172809,0.0294868366220764
"255",0.534420799502523,0.612645166232227,0.601627537421348
"256",0.861567590103906,0.979086054412059,0.567558964224751
"257",0.707718909647978,0.775968801613107,0.506406950159239
"258",0.930406417296981,0.622498986855024,0.435295493848146
"259",0.829046772525554,0.703192784893647,0.306725234411755
"260",0.201546659332734,0.515400918483298,0.726646953279393
"261",0.797964134135834,0.817782768974213,0.572347244094557
"262",0.826150684740038,0.574380195418932,0.357869978718263
"263",0.956757699166404,0.983867168930195,0.404892548100664
"264",0.914659404208819,0.821790642735163,0.458486237240278
"265",0.112770416287948,0.243320861244611,0.868246190658502
"266",0.37115142659225,0.899166221610722,0.51547695597648
"267",0.0368237311714044,0.288875876293599,0.465565883210791
"268",0.979943673645499,0.948832100582721,0.337504858691238
"269",0.982349984881978,0.98738551978488,0.315615075347025
"270",0.662490957391577,0.981814727813835,0.436954559852382
"271",0.673283529963259,0.980456681361016,0.503941842292163
"272",0.895458455751752,0.909169901197968,0.362792453663688
"273",0.964933554506719,0.985289507380581,0.451824747501856
"274",0.563498930629958,0.936431992001842,0.630642404577665
"275",0.543454791757557,0.493307987862661,0.555052401621169
"276",0.1465076208052,0.801166489479465,0.765326892975085
"277",0.387613149463104,0.65769828179878,0.390100687708664
"278",0.955818326439398,0.331123409628592,0.631455115227015
"279",0.703646183733616,0.908191271822384,0.380350735166357
"280",0.822497733605788,0.861835073435331,0.349799055989078
"281",0.964534309100584,0.90851746983193,0.431031275623921
"282",0.0700046621418815,0.854023603828718,0.610193543845732
"283",0.974981558231777,0.987640238428136,0.352085644016016
"284",0.70241998664875,0.623103047971484,0.466005457555079
"285",0.954177151407061,0.861710963596164,0.347752966341172
"286",0.806850315631522,0.701109315145639,0.333577294255268
"287",0.941870642405828,0.916790229282457,0.183251617835962
"288",0.98953510668017,0.953549719768208,0.213298554912786
"289",0.875771867848416,0.282883569936457,0.909904255520734
"290",0.405190202065559,0.773425125817264,0.636197377374146
"291",0.863437858872957,0.533371419939479,0.458215292839615
"292",0.796311278784539,0.667207660002715,0.246388181568156
"293",0.0485731284548055,0.927173463752156,0.701160965401626
"294",0.60260790697482,0.854446958240456,0.421024992106342
"295",0.965051798286421,0.863353098018033,0.30813267036443
"296",0.603037919777322,0.648780718501459,0.695650185155351
"297",0.933333998314219,0.817518244775317,0.476139707966207
"298",0.662816982063121,0.816372081111303,0.458789262772114
"299",0.971355704532664,0.533382835959481,0.466556025996647
"300",0.908295461961287,0.785425465167379,0.461943726337422
"301",0.969391671187195,0.985692057274387,0.436289850619868
"302",0.941157703371849,0.473303373923873,0.159014790878528
"303",0.558764039800478,0.989927913933035,0.150582285682708
"304",0.972556036710024,0.662584416434216,0.367137617096578
"305",0.960236760494382,0.666417411209617,0.374770043476469
"306",0.869616302442669,0.820541198901459,0.384556363071131
"307",0.917275863401984,0.501403272144581,0.298479503484674
"308",0.945559438264115,0.944746744016293,0.503288446969988
"309",0.895173373181609,0.627169014459508,0.28992242765745
"310",0.970362418547584,0.942062432197948,0.499686610411427
"311",0.961374985485847,0.911678188649213,0.339568597447775
"312",0.970080267889025,0.630521443311995,0.285970783309553
"313",0.988724728749474,0.870362667229038,0.113272286448215
"314",0.932501893063285,0.529436361652882,0.698252121273811
"315",0.981155857892252,0.669124478298145,0.214697834185291
"316",0.971836108014333,0.911639729675418,0.349192771036199
"317",0.848232636533576,0.660034483863763,0.41131779199158
"318",0.860286492176297,0.818213202892157,0.513555136724865
"319",0.947045267088057,0.531799531360501,0.495955825121944
"320",0.975095104934722,0.343420762266951,0.27892765498765
"321",0.899728316095279,0.949497433541897,0.314451772842195
"322",0.559915076450779,0.943155207083726,0.407071325005659
"323",0.984260071508059,0.701068799446656,0.251050170943136
"324",0.958660763655747,0.863400331697988,0.274529931656714
"325",0.932738382791858,0.410477873565886,0.582946539680458
"326",0.539543168938658,0.59472220105345,0.694942986145377
"327",0.952471337358331,0.69326920949207,0.549422589530197
"328",0.964509572938164,0.657442529774571,0.54111433002743
"329",0.971001087795749,0.986709007141417,0.39159683087508
"330",0.814137194021601,0.786161149120374,0.37781236903832
"331",0.929116308005932,0.781276319292424,0.447403720267145
"332",0.961166366971986,0.621650903582384,0.466511087163587
"333",0.969794483986731,0.619552905311164,0.507705453185029
"334",0.975942282447218,0.790871251630641,0.339844968300625
"335",0.945652323458673,0.693369913276975,0.49056893120133
"336",0.919273702520623,0.695875412695678,0.549793500053128
"337",0.975774967672944,0.66411106232734,0.354544254858769
"338",0.890525149081649,0.662546569614323,0.350418485102701
"339",0.806917407820069,0.909163591454372,0.363162167216395
"340",0.472090444476735,0.607935890459597,0.747747321331419
"341",0.556743451111127,0.456464718782709,0.509114393886977
"342",0.97832356218138,0.952905340770451,0.287916912863827
"343",0.891253894070338,0.904153250942849,0.479274859890735
"344",0.940641766606459,0.708959898544965,0.524107319075982
"345",0.0628420205413005,0.736212780678445,0.490025939419612
"346",0.633823545998911,0.646167348822456,0.778159964852633
"347",0.871105424057335,0.653643924361109,0.656739953060319
"348",0.555740225469187,0.784878538329213,0.237014234041458
"349",0.388647698620818,0.779206678172983,0.501585134056811
"350",0.460718671476241,0.48551123240957,0.641641544506462
"351",0.615944161069382,0.65614082351114,0.506873093360951
"352",0.956732058293654,0.664743927681727,0.313423025782371
"353",0.624437845487273,0.657558662077065,0.448088866275098
"354",0.786353143873112,0.341746428746688,0.275368175532675
"355",0.794259103010764,0.98409221284263,0.357141872651404
"356",0.975539335615499,0.662641932625005,0.366242145786921
"357",0.876189060436126,0.378649005395615,0.324794315932555
"358",0.961320357103353,0.999316852065767,0.0088043274606442
"359",0.551733896198323,0.979307549892694,0.488869618961495
"360",0.990319368260964,0.992642523532805,0.190479598911039
"361",0.563624237962704,0.658974644340954,0.352270162362231
"362",0.875855647075911,0.859386513411652,0.351740805829385
"363",0.969831776522701,0.661382516695669,0.421490742411977
"364",0.726213021236654,0.990109009943423,0.182914894900571
"365",0.973977378630387,0.998435402422553,0.0554726198068127
"366",0.959255385234258,0.576982540391653,0.314299411304902
"367",0.65651611011706,0.655964124540855,0.485642448723152
"368",0.4403521510687,0.456287340408649,0.533307445606555
"369",0.980601620160026,0.952378593257023,0.284944609933155
"370",0.854568436971281,0.815516881998926,0.655842136019886
"371",0.25369933336862,0.975007343251804,0.481630571504135
"372",0.789059078592659,0.904654616170672,0.481043998285984
"373",0.71843757945372,0.980157278675689,0.51297631422098
"374",0.970427257346605,0.943770041220878,0.501371528703065
"375",0.956752228365954,0.0145652062995481,0.453385564650037
"376",0.94820639397994,0.574533345385431,0.75666892585084
"377",0.977245706411318,0.949119774165986,0.3472555243021
"378",0.891281056246749,0.949611210628495,0.35862938207481
"379",0.933562872910253,0.826737883795313,0.302921898430354
"380",0.958235800893595,0.120531567712993,0.633139446461292
"381",0.800703244384308,0.986094960483033,0.300846760559602
"382",0.960007779973407,0.792307196806431,0.266462759908635
"383",0.970278369333448,0.337696334976649,0.428798067829344
"384",0.962759809520312,0.494985175668911,0.580508797729939
"385",0.951861537383745,0.332892575689529,0.603937226664641
"386",0.597944492218828,0.686148832773159,0.722678465621568
"387",0.959501379589124,0.666765405256955,0.278387059085051
"388",0,0.638375534722101,0.82190681986905
"389",0.039910740237269,0.801389957782106,0.643097454688951
"390",0.982041073174899,0.98553725595832,0.368445361076197
"391",0.964684893035007,0.588649743265434,0.402918676619649
"392",0.966925457866063,0.811202025200643,0.6423527932576
"393",0.870108722271046,0.664347971903547,0.312166079947496
"394",0.961572478992884,0.98975974769553,0.303523526783858
"395",0.976827623546214,0.793056939712031,0.294386487358264
"396",0.85145475917326,0.66315055098523,0.353336661943835
"397",0.977928432428022,0.984372534854258,0.396174911735802
"398",0.873335419228352,0.663362447611016,0.328305376107525
"399",0.909769928493855,0.955072250506509,0.154057601399662
"400",0.963164461404983,0.623734930024068,0.450412128546352
"401",0.972403577593933,0.945089532198644,0.449020171522714
"402",0.99201552486473,0.99409903877564,0.154002812215907
"403",0.892356249208653,0.945829759274882,0.422703567807625
"404",0.883851470886324,0.462436674230388,0.425928056944294
"405",0.969451681767442,0.706355310653662,0.296202071110111
"406",0.85110854191252,0.704395299834203,0.263257654829655
"407",0.940910111703155,0.848345886815486,0.669625433146059
"408",0.779691021042369,0.652860354289508,0.588235604020573
"409",0.964844730540046,0.979040467735863,0.568139979386363
"410",0.952521524629766,0.941771523467741,0.502662802446738
"411",0.969407284719848,0.176878997225461,0.372536325212261
"412",0.160463951420475,0.728060760781072,0.614115208197492
"413",0.979009407752526,0.982925303026075,0.433802694264157
"414",0.390621613170315,0.647819153791617,0.591012762424651
"415",0.987080267853725,0.707784662291879,0.188010139474582
"416",0.0365322282325795,0.845603989649729,0.49808961564416
"417",0.880624130845053,0.6945419998328,0.535722641175107
"418",0.892473194702094,0.702442364802615,0.322123003380657
"419",0.963837118622238,0.813890659751687,0.576090792150156
"420",0.977935420457304,0.66715962177216,0.269117274279712
"421",0.977548719775773,0.981588843970134,0.466738046343656
"422",0.851007341206441,0.660648042496769,0.385370966906808
"423",0.740375081517588,0.367735014596606,0.655619865186091
"424",0.952632662305633,0.851657674133935,0.661711916878287
"425",0.965317926160061,0.943996402550986,0.492042785423385
"426",0.846386234853324,0.65302469157272,0.670556834442674
"427",0.964561961096635,0.338261675574779,0.450276393531469
"428",0.191074476361115,0.537605227600188,0.263400821139418
"429",0.983668602527063,0.953458104303621,0.214095941799929
"430",0.985947506462203,0.955405257578889,0.18211600173689
"431",0.356282225370925,0.689203580497629,0.585288972533439
"432",0.964562082233221,0.635247844651647,0.205329104752997
"433",0.961494711535185,0.943456265531149,0.540274358627408
"434",0.973429199688938,0.701838854821757,0.340825968668013
"435",0.794715241568405,0.94826289426209,0.312541756590101
"436",0.89845475999632,0.865999451878164,0.205929538431537
"437",0.979626185942254,0.908991367850941,0.38842438291921
"438",0.509259427035669,0.939653398404531,0.483458391481408
"439",0.943895006280164,0.668773256666278,0.20941886961823
"440",0.974111432082382,0.991209814405791,0.223400079764606
"441",0.799921977308004,0.946105317670732,0.358181863592679
"442",0.97964964866075,0.947063187353356,0.388781252614475
"443",0.215556629840363,0.782188602819236,0.324234636627964
"444",0.956665579114693,0.943398325344619,0.48410452924998
"445",0.972031991040925,0.981579058484702,0.464063471277644
"446",0.797644315734751,0.994650295238203,0.125687881128454
"447",0.963490454160594,0.977880639374516,0.597206817578973
"448",0.718596502232482,0.700243654679896,0.398812253639193
"449",0.75514382491718,0.653911816591922,0.551406412787941
"450",0.324302731720803,0.972274412186287,0.597673729515035
"451",0.859714155116579,0.49143125072974,0.549303012084447
"452",0.895708918061925,0.952987661980529,0.237601915420272
"453",0.873641500447961,0.949839097987062,0.284409008556158
"454",0.811548817212873,0.953277682890717,0.177101226319646
"455",0.958059603140491,0.986883479860288,0.376469724744903
"456",0.929245285357782,0.586155590617835,0.0740544782121674
"457",0.881566228331182,0.990457127889909,0.227100568830284
"458",0.985303999276281,0.831051888369956,0.248914016464924
"459",0.538235347401615,0.611818868219899,0.663009527274268
"460",0.850269658258869,0.939278562050124,0.610791130325467
"461",0.834965166095711,0.382765293756524,0.223047685065576
"462",0.920134698583614,0.866205528637651,0.569880975722684
"463",0.894604169230901,0.982896535590113,0.413340579239276
"464",0.717505913752022,0.984795692315944,0.312155106852408
"465",0.881101883562953,0.936932956829915,0.651446492726031
"466",0.974470170009007,0.983068333766454,0.422831411204548
"467",0.972304462003759,0.659906571277554,0.43502269873922
"468",0.917306761153775,0.626012148061374,0.324414916297081
"469",0.480612001401694,0.492598572093683,0.416987911401768
"470",0.987097516175616,0.91498898277949,0.235498824423302
"471",0.986774297038696,0.671777048179909,0.150974919652195
"472",0.948175888391758,0.990910983196663,0.220167420122499
"473",0.958505740137533,0.700530353961509,0.363200772200257
"474",0.575145139459684,0.933452888953055,0.638535262225894
"475",0.830279448614111,0.979112858217199,0.520821632835244
"476",0.950277821627045,0.952864582468961,0.27591282538029
"477",0.634758097806661,0.36461878049788,0.707872739909555
"478",0.897916146699763,0.668308686739519,0.202306685382393
"479",0.831635864853066,0.624663164291585,0.334560727859061
"480",0.532712144151274,0.647179041331913,0.72778299455822
"481",0.97467737305296,0.824488273287815,0.352772350781856
"482",0.909696532534443,0.993045542068022,0.156782037893835
"483",0.985770443722241,0.99157830237617,0.235633409332659
"484",0.966255442783703,0.621839076055125,0.485118127418938
"485",0.971282890779641,0.986355662416704,0.379722344172487
"486",0.984290907174008,0.825525925143158,0.279798444677001
"487",0.0500052240893508,0.784075578262614,0.228115971822657
"488",0.963305145946135,0.574951569637259,0.664511550119782
"489",0.959720448400275,0.656962540573546,0.559934897162791
"490",0.898824922855106,0.951097662240833,0.272059525359815
"491",0.982538674751084,0.631381657983472,0.200381866928843
"492",0.957981226002167,0.430854546160673,0.282511341673873
"493",0.965071970861321,0.626742899007489,0.316607568289039
"494",0.553647220142605,0.820897172769384,0.432780433563981
"495",0.883111379911652,0.977588807630257,0.592808886592216
"496",0.953084895143506,0.465837226062733,0.366561735101345
"497",0.906284814844619,0.991111803363094,0.2116940533252
"498",0.946730599297788,0.661763659017049,0.441417645230829
"499",0.897369410746759,0.590535310348084,0.250504159498491
"500",0.54126234400838,0.9020600917087,0.481714401575718
"501",0.981368013603277,0.668457817532063,0.242715574704593
"502",0.502706669746736,0.689670216670064,0.592952399241881
"503",0.980542201094452,0.666926482926944,0.258865628273624
"504",0.987990809127977,0.79574443546655,0.182171675825635
"505",0.0637661104931977,0.686032255375553,0.508366795560886
"506",0.565367797445666,0.608934107027187,0.701580437752138
"507",0.877247919348521,0.990582426411627,0.248918812595843
"508",0.551605730635664,0.848668813103584,0.541538485910827
"509",0.452053205075327,0.656130002479071,0.416862272121801
"510",0.96760036976277,0.953860346165107,0.211163708097593
"511",0.173667772293242,0.978721814676165,0.331646748235133
"512",0.489676918359551,0.986673041184884,0.205494628737936
"513",0.982440868679941,0.790120461940784,0.317431140918607
"514",0.972373022901654,0.623270284274456,0.424393432926078
"515",0.959618099729969,0.658917158576781,0.524280482262592
"516",0.98024039498908,0.91288961848816,0.29589328176145
"517",0.790445273309981,0.632016938601738,0.249948156849154
"518",0.982404945530428,0.990093234919096,0.248275513759284
"519",0.895377982586273,0.982548594041724,0.431375298385096
"520",0.881124319233287,0.985842483359177,0.349857013075473
"521",0.987778476656158,0.710642865368598,0.114285529079877
"522",1,1,0
"523",0.970835631336356,0.993702856632343,0.161811115021719
"524",0.967441971885727,0.942793197102957,0.519316779325537
"525",0.980370641974812,0.665110352746091,0.310332516425783
"526",0.477946004143499,0.780907901451803,0.319108473588632
"527",0.88366778910099,0.947604070405395,0.338237917191642
"528",0.976389077161337,0.987691091149208,0.326426773493663
"529",0.950556911871265,0.625763520798746,0.382206347753961
"530",0.869324046380448,0.985538638392487,0.386696133981633
"531",0.883910841789145,0.340085469735378,0.451689000100973
"532",0.644221271550794,0.973123852090582,0.682378200425279
"533",0.964924404182498,0.747829452951378,0.476214650090278
"534",0.85457905873862,0.909788523446651,0.341856182231285
"535",0.986377289867216,0.951751249035633,0.264284161753143
"536",0.983331618895577,0.990088875995766,0.27687188036634
"537",0.902025871281487,0.989801403174837,0.243877582772526
"538",0.566576634456303,0.982139582599932,0.370254262067619
"539",0.799374134334858,0.990528602047227,0.207384257761592
"540",0.966417658081315,0.984996286737758,0.465810679736988
"541",0.938861253446007,0.975506465483409,0.659894397386565
"542",0.883789684153107,0.983701770032689,0.425176437434911
"543",0.965180277479297,0.985423096081813,0.447969588659412
"544",0.951562419080199,0.939718601572876,0.648223827612356
"545",0.948847757778595,0.658959143496515,0.516319578927759
"546",0.984915259856377,0.953109333098101,0.230438827344245
"547",0.730214705476733,0.985900091608651,0.321855527552114
"548",0.30179553321903,0.932593662369944,0.630892533909524
"549",0.743222168627355,0.609837282185808,0.76344902404011
"550",0.953161765463975,0.977164368129098,0.651374247937393
"551",0.967675376004436,0.617002709549039,0.566816748051412
"552",0.973970826234937,0.746039571818396,0.475664054036376
"553",0.973400779912565,0.785824401609303,0.430742179196939
"554",0.84087071819986,0.566467449559359,0.557145248491208
"555",0.770784628820892,0.97555739599233,0.644681158759754
"556",0.923376017555197,0.618380521555239,0.534080313755824
"557",0.632395065941778,0.985743613782725,0.275663515447953
"558",0.92497571560403,0.984347734287059,0.471504797729323
"559",0.975017671646011,0.822018315438392,0.379799820533745
"560",0.710435617501371,0.944655993155718,0.372669706356347
"561",0.837866858819993,0.948428145736167,0.305311404906338
"562",0.947822239718781,0.945840685457879,0.45351588129113
"563",0.974602338533699,0.662422722103997,0.375543023002414
"564",0.93994110675164,0.987429615855094,0.313877188368926
"565",0.973400779912565,0.785824401609303,0.430742179196939
"566",0.973892532788571,0.981157201590638,0.478329136409207
"567",0.847181388937312,0.373952761161782,0.437084577286813
"568",0.731823146493887,0.503834994018974,0.295411715581594
"569",0.894203132536068,0.942488570988781,0.543695063919967
"570",0.870843469637551,0.918964711838962,0.0977117464734726
"571",0.937713875074983,0.904425671111361,0.571498548139948
"572",0.837134072346444,0.949099705623398,0.29696129648144
"573",0.985877280352637,0.953334397848356,0.22088956119571
"574",0.970975791474242,0.662214717970706,0.382823543119035
"575",0.973353932339457,0.94778557062297,0.410587462708332
"576",0.769726470129942,0.623068810769644,0.371114924219236
"577",0.968447877080494,0.907511769007644,0.47833677320146
"578",0.968057159000222,0.661531903736076,0.411794649652113
"579",0.265254074103138,0.489482391010085,0.435183995724613
"580",0.9845463696622,0.951887464060233,0.255146944092623
"581",0.8449175658931,0.620021441659203,0.466276313457873
"582",0.974129334052942,0.666840195883904,0.313162472001325
"583",0.985582001516934,0.831192794857748,0.244748371456177
"584",0.994948995603161,0.958773424353175,0.0862181736556325
"585",0.961382689207216,0.78499133108028,0.513366524980304
"586",0.231940751599145,0.32977055478865,0.447447502938297
"587",0.93730626576609,0.000528146962905781,0.855950215702146
"588",0.97197739885686,0.980785023745167,0.495933132578883
"589",0.975074870552444,0.790813606930711,0.312066479215682
"590",0.970716837542154,0.626858530220383,0.316604090389839
"591",0.92880890450635,0.781341665866328,0.576714345972432
"592",0.919654277029503,0.656781136214675,0.515584107025676
"593",0.881197460145684,0.380011153048382,0.372637990402635
"594",0.765653946236901,0.663203762424762,0.304524753098098
"595",0.976347237484066,0.624200052003863,0.384944343300275
"596",0.856348274629517,0.46186383179453,0.488144425519772
"597",0.962828305869959,0.906209206312727,0.449653339469973
"598",0.965697423749209,0.983856092725955,0.406729323289406
"599",0.906233676768832,0.794670650236089,0.182185977650445
"600",0.984513473640371,0.949260778794332,0.320861364125864
"601",0.976645862525179,0.473897174145922,0.204466654316767
"602",0.941483669234647,0.977417706659239,0.627722775354238
"603",0.958534400660344,0.989527256158702,0.290057175926364
"604",0.965222428690437,0.952344754672913,0.253609815006648
"605",0.949936086168624,0.982509279721853,0.48610511114487
"606",0.874517373007957,0.453794609238779,0.593842280186155
"607",0.813712502704604,0.988224100809677,0.288938994697279
"608",0.971157433778408,0.663595348919513,0.373067690872271
"609",0.985980127764365,0.952718032247039,0.248586202058983
"610",0.981660669788473,0.868069603470924,0.212109507663813
"611",0.975644706945643,0.981642990682794,0.459530476788714
"612",0.984943022059534,0.992025153789929,0.215129081308737
"613",0.969362001073001,0.983706553468949,0.473254718379124
"614",0.841644283487735,0.375916771023293,0.39794191232763
"615",0.974722513662223,0.826401528568808,0.317060041177537
"616",0.946541865919125,0.491266854681251,0.74008620999268
"617",0.966508941065402,0.85935629570299,0.458302763327487
"618",0.70881739352581,0.324212076115729,0.615511741537248
"619",0.962144396045796,0.652240672992799,0.556702373145319
"620",0.970250681855299,0.957518648619762,0.128545370894234
"621",0.97979042839818,0.702965074296997,0.31808775666521
"622",0.912247749510378,0.707107194885759,0.228207697073294
"623",0.931542862018317,0.985826836364233,0.356835352273356
"624",0.885794485819511,0.670729387605728,0.140965318021002
"625",0.969169241111564,0.788151131066058,0.428122358201828
"626",0.970843671366645,0.789678431276025,0.39045511058502
"627",0.983566638430774,0.670531475868079,0.175143860384652
"628",0.845610572968106,0.454678326307343,0.698194012799426
"629",0.859533176670336,0.575269654875779,0.643735298634354
"630",0.946803995241127,0.57412938627243,0.771995623518178
"631",0.960296292220976,0.825076206542328,0.286423013220005
"632",0.970981495078831,0.660515926262,0.431124752955201
"633",0.974144815512107,0.62432522201644,0.378088626671234
"634",0.98350246314087,0.667897472815618,0.241168766584195
"635",0.868415757798674,0.901593128899711,0.553307259926974
"636",0.878537612039577,0.853057144370987,0.557142358299325
"637",0.838316347005285,0.374497773333237,0.459693408187193
"638",0.973950893122336,0.623563559255396,0.410137204243036
"639",0.97018339765251,0.65819891314753,0.478529475108092
"640",0.984581459509841,0.670128466558521,0.193788012965475
"641",0.97924847075156,0.985600221068113,0.366041807088036
"642",0.610526536084305,0.502023937586989,0.308167937183239
"643",0.87488620203165,0.619156964274244,0.551827190994172
"644",0.448538857325764,0.123246274379475,0.435669334363051
"645",0.97388050410042,0.83163877701752,0.268201189922679
"646",0.369465447427388,0.933607710732949,0.593737068516373
"647",0.976241601738777,0.540259010766991,0.294952680493644
"648",0.756222619489263,0.939026951409109,0.594880226933865
"649",0.545625052771013,0.906380572542344,0.342491616966252
"650",0.582874486010146,0.941384176842837,0.447392829448552
"651",0.963491333412624,0.333483068961425,0.527979439670756
"652",0.859287147443605,0.584039904422478,0.129443567067521
"653",0.6605656678499,0.981399889899469,0.454469868987309
"654",0.754957229027448,0.579720513489909,0.548985125194585
"655",0.963682934724203,0.828117487921511,0.390471337586911
"656",0.982407372983306,0.630786381015838,0.228996611246581
"657",0.856760571340423,0.370256411681287,0.554192763543787
"658",0.96942210271262,0.662346372792451,0.405916977184339
"659",0.957708157898853,0.86557530455602,0.256392627021664
"660",0.818641105846105,0.584656692750307,0.443509525482676
"661",0.985599533238682,0.865876971164614,0.230728093610665
"662",0.958344033983436,0.495607708336968,0.499611953015073
"663",0.542988241300133,0.651980969878515,0.598186658679394
"664",0.899732880716105,0.988881269035943,0.255965551245086
"665",0.781357572978265,0.783620594156759,0.473234813993701
"666",0.790057814318837,0.784370337413504,0.444525380612288
"667",0.632139824159194,0.691396729893104,0.534532332405603
"668",0.708319510022845,0.691089803348523,0.591287340298858
"669",0.977243740656336,0.624485656820067,0.374639296862887
"670",0.917955869414366,0.660195632254198,0.495490880271376
"671",0.984596416491121,0.951899172518728,0.254650166226539
"672",0.403017728751362,0.446289267515226,0.610253352386795
"673",0.827364807041851,0.981452366109571,0.442148253300319
"674",0.96924391660045,0.665842538553383,0.325267753175009
"675",0.972276575310816,0.945338256420423,0.46196830010968
"676",0.370647186655394,0.618041864941096,0.505719057588752
"677",0.291906973470992,0.970080524545997,0.647893989687064
"678",0.889140285494861,0.7861838013256,0.419124644983537
"679",0.556158616133435,0.66062956651044,0.458313344717782
"680",0.983559525849391,0.954130294770773,0.235943373002418
"681",0.95546304022832,0.656809515012359,0.586571102233091
"682",0.511251813062151,0.779299953418962,0.512547514208952
"683",0.977017183336479,0.66234724842487,0.380290175255314
"684",0.962064658835066,0.583907432838933,0.582656027514869
"685",0.983753142538596,0.866085434713658,0.220338317795208
"686",0.965824900849905,0.991395028791969,0.232595348175323
"687",0.97178312746586,0.658008611117545,0.489961548844533
"688",0.959609742436476,0.911398359987219,0.405166976406417
"689",0.534315180508579,0.810033477494268,0.614457452714219
"690",0.870568935816237,0.948899117105076,0.352702853722061
"691",0.961869809125058,0.90859181887204,0.478244504424509
"692",0.987219398267985,0.91509336494964,0.232882868691351
"693",0.95364858079659,0.582675231335011,0.55849728815636
"694",0.893533520286876,0.991074033171656,0.234069455230682
"695",0.182359871262499,0.806130712817034,0.592832013279705
"696",0.797803893899231,0.653165669569778,0.504403409162472
"697",0.90254425070029,0.988822694598086,0.258182813533465
"698",0.977312832889191,0.947081048081159,0.384665686183906
"699",0.77029303574738,0.537346877469206,0.309309186096988
"700",0.885835387332148,0.627926340246809,0.4052844521033
"701",0.88536195949518,0.992404838721484,0.16978285790092
"702",0.818742136224767,0.987310769847616,0.278685635033847
"703",0.806562779929981,0.983123273022844,0.407533922957148
"704",0.838923407392557,0.987473199526157,0.282791396173291
"705",0.975978694504962,0.624113831352772,0.388602596953211
"706",0.852200086379971,0.861827980441322,0.673790012799891
"707",0.972984033756285,0.865413980607105,0.527107058656775
"708",0.534579642837815,0.81548518735232,0.476242836825367
"709",0.876488390008832,0.941384180058902,0.561042982302881
"710",0.653742384990969,0.978429863077801,0.531747992779393
"711",0.0467609193823424,0.969758496466699,0.525981727110743
"712",0.343689026194764,0.971267150267487,0.625903330242389
"713",0.937697942687466,0.662960856276066,0.54692029113696
"714",0.944408420161707,0.904013297837695,0.54171710348364
"715",0.132275076463352,0.606647286334214,0.643628796772542
"716",0.979227716635311,0.984676502469044,0.383277878100633
"717",0.970674169939056,0.659525164355548,0.451205402627762
"718",0.835906289499219,0.820496546137769,0.369530273396555
"719",0.986954907030025,0.598457366036593,0.0798024741153044
"720",0.936775905891188,0.685621551794739,0.829448602521029
"721",0.97572973418976,0.822184902511326,0.372731702160914
"722",0.210864450103226,0.970787381390593,0.542583327460252
"723",0.829871993307899,0.662316836840543,0.352659143234966
"724",0.983141012135548,0.9515586805863,0.269096889138503
"725",0.969495847673261,0.946387831097516,0.441212701996318
"726",0.966695282496613,0.948934772509811,0.325424186396696
"727",0.539290457726292,0.491418076041925,0.450987189929195
"728",0.946927756248818,0.977848355803598,0.58930728684746
"729",0.971796786829056,0.746398985476892,0.464308237698115
"730",0.507371453953806,0.974618763988795,0.567987062333475
"731",0.987352850360931,0.99167007008682,0.208238557833728
"732",0.976491091329137,0.784372559507309,0.363178383711649
"733",0.962284243513671,0.13507135477179,0.558303468335602
"734",0.982901949136514,0.948883762544262,0.336857776314624
"735",0.964235703899527,0.990785208530726,0.234870676534569
"736",0.841659901465721,0.496823545353774,0.431292411861735
"737",0.873637608629278,0.942695802072234,0.552670226716554
"738",0.97568414997837,0.944721455140276,0.437502771665402
"739",0.959386693552664,0.775278292550033,0.627348218944562
"740",0.84439416538472,0.66111503579894,0.412749102447416
"741",0.944562614145622,0.815400629698687,0.605311010371917
"742",0.972506317252888,0.584251306637006,0.440714723612698
"743",0.0112250768901682,0.714589159440235,1
"744",0.977017183336479,0.66234724842487,0.380290175255314
"745",0.556226476769088,0.656492059394445,0.457421537808649
"746",0.975134861244558,0.790561965087085,0.272894605749058
"747",0.332444064227341,0.65460710330114,0.415653602706585
"748",0.529240087612638,0.653399436250969,0.52881797463878
"749",0.921029413451024,0.372362349185195,0.496030061430436
"750",0.964602242970253,0.870523460000276,0.0924486030609869
"751",0.983254659418769,0.955339824770224,0.181534494492737
"752",0.891369176902293,0.662382039625361,0.382445446903314
"753",0.898149941105122,0.988399488691257,0.27467996124499
"754",0.679975461754471,0.381953651013153,0.665345665313767
"755",0.107394918505443,0.318378617715081,0.724139271276304
"756",0.357896785494946,0.610445968030688,0.6227979265958
"757",0.981320781850056,0.948513848366943,0.352552854852385
"758",0.840063903678374,0.493403877068935,0.666093254576592
"759",0.610614708925214,0.657607565314759,0.440090777109079
"760",0.977921575867462,0.946583036776639,0.407340675817229
"761",0.540536865779167,0.733057860514372,0.660575990587829
"762",0.680524729666247,0.430824270279568,0.343621134506397
"763",0.870156848299149,0.660640258279373,0.396527053960479
"764",0.55609515420089,0.979611571845597,0.475702288878416
"765",0.916008610696064,0.539097260851801,0.31305447316389
"766",0.944701248183293,0.656836626849819,0.527231107663932
"767",0.688329284535894,0.654360026152238,0.57552599173705
"768",0.963182177975381,0.620700813028069,0.506546917952923
"769",0.879729648101397,0.909373115171124,0.344803526998244
"770",0.662884109444933,0.326630573470675,0.667601907872571
"771",0.406274338281255,0.698833401602024,0.600397764074865
"772",0.978936598857062,0.629479252813411,0.255777305181848
"773",0.655008754942844,0.953722623681808,0.12285280311615
"774",0.245182931303259,0.970798340476236,0.58933749753889
"775",0.549619400573752,0.778629117753354,0.566277270123203
"776",0.955044130663803,0.943775690863017,0.468263811841255
"777",0.460891284098741,0.650303407858554,0.629075053466092
"778",0.929136247146586,0.863218749323207,0.574916384377658
"779",0.855075545783556,0.656471559932014,0.57494552399355
"780",0.703134500545893,0.648172035301558,0.727383002868941
"781",0.651686441893761,0.82022964039537,0.331580833120592
"782",0.551994815481347,0.656262879059656,0.545673615271281
"783",0.687281021325163,0.810958638118947,0.661294329918575
"784",0.786153134654026,0.82307214504158,0.361930403439409
"785",0.883736067043102,0.793214310021741,0.234793544809379
"786",0.692471849081657,0.937794095100949,0.616181144332574
"787",0.60528014129165,0.814310815420402,0.462705417160934
"788",0.556653868178571,0.782969688940165,0.429657303626236
"789",0.402644061652286,0.97731061867671,0.440228847901739
"790",0.864605827984709,0.610675346599244,0.766494160253335
"791",0.798443676421074,0.940578772817023,0.553113873286106
"792",0.477417680683708,0.977355578344909,0.480411326631586
"793",0.676221636812247,0.459202375536851,0.453782034502089
"794",0.905806565352856,0.659898135575853,0.449923691563619
"795",0.678636461904111,0.979090010855767,0.51619513042046
"796",0.118230934548401,0.647137660429803,0.577650574067316
"797",0.478041964526853,0.686976913937434,0.483469015021601
"798",0.731681153886575,0.944462564667994,0.393333208087801
"799",0.944024977813086,0.90564059087893,0.548459649495321
"800",0.405079666685406,0.982629840735626,0.309180434808231
"801",0.882908529790084,0.543752444573869,0.191727783002605
"802",0.982037491093537,0.950660085016067,0.308768257653341
"803",0.960995048206675,0.815699460092148,0.575302683791155
"804",0.900035795837272,0.699157515506962,0.443813857164693
"805",0.973676930193095,0.497913986765916,0.404848691631752
"806",0.857617923064622,0.660290181557284,0.45719942452232
"807",0.968397830251572,0.907500060549148,0.478833551067544
"808",0.848011195405088,0.61676753750707,0.722459471438438
"809",0.964129929223673,0.989624895383455,0.256967040080137
"810",0.412719848551932,0.976213428135917,0.489413589643679
"811",0.852190178163859,0.943627710550087,0.468904601564707
"812",0.875429880652386,0.989021528998642,0.288011555022926
"813",0.461303701956099,0.945816180922949,0.314023248323092
"814",0.968908626009721,0.946250450555664,0.447041617258656
"815",0.694896293222765,0.901051542318884,0.561591554095164
"816",0.546204347351027,0.65471194055403,0.529592397426877
"817",0.317399309962751,0.768577490803661,0.722101851853764
"818",0.968849875389306,0.657962803385252,0.490360242288105
"819",0.863296906115642,0.617633635461375,0.561543878117838
"820",0.878894830692631,0.782372873018234,0.53018264503738
"821",0.863611792129999,0.946211793632672,0.441401569211644
"822",0.481864703702341,0.538225485018725,0.347644462197904
"823",0.849970300824518,0.983555662213473,0.412642109025764
"824",0.96635201759047,0.339891894397584,0.410055287415971
"825",0.889790774249986,0.94381556269223,0.457528086530629
"826",0.201440060527791,0.324305745991271,0.565480628804082
"827",0.941312228379752,0.82139570078436,0.521111282906307
"828",0.579002926226607,0.687371715183948,0.68503115702813
"829",0.954611666942021,0.336574230446019,0.520328075283831
"830",0.977626750133558,0.99165164727472,0.279799479667672
"831",0.855856812436024,0.663156295974587,0.32768541172316
"832",0.952125443716131,0.459034935834202,0.616996678203031
"833",0.778284359902699,0.982404650625729,0.475849748115335
"834",0.969504972345426,0.748502250415613,0.344094230157294
"835",0.964410667922012,0.460374670865622,0.429444251101607
"836",0.674155840140024,0.985714878641692,0.298523860686936
"837",0.823846159850218,0.942876868096765,0.486577349772392
"838",0.738525959542639,0.288626505510097,0.738778439664192
"839",0.192880637785903,0.372704223046081,0.69911173958286
"840",0.973223886482436,0.984610041781898,0.434920637397292
"841",0.852724583652717,0.854655710720183,0.55281773251749
"842",0.984201497099374,0.996944366099818,0.128102525809151
"843",0.988589387670284,0.995276056263091,0.151341188385983
"844",0.87968929769046,0.938338192035675,0.61551474632832
"845",0.758096514028741,0.78160208079432,0.520746245516945
"846",0.91801687148413,0.825367293160581,0.279383742115525
"847",0.986859980015407,0.709711688419995,0.153526419491031
"848",0.868659979525451,0.624278165674043,0.372719119944592
"849",0.976750415978234,0.982320943923313,0.457632157629905
"850",0.97063794785669,0.300632991167082,0.407608970701807
"851",0.968100477821778,0.660261184658488,0.468799717888716
"852",0.981610147833712,0.994359557310027,0.190495288399766
"853",0.924974707231109,0.952858994492168,0.230013862147866
"854",0.97310345786204,0.783978849183558,0.483457422974894
"855",0.94715107296329,0.615536331522401,0.675034789730949
"856",0.979276804214871,0.631017369904612,0.319412550566291
"857",0.965979680590325,0.659269883627996,0.482180189362145
"858",0.785547232636147,0.530213077023743,0.690291916944286
"859",0.941664109151733,0.99140157352869,0.248540544922229
"860",0.860948407519049,0.99072154262429,0.201612321058386
"861",0.970310193564408,0.660999301993401,0.409070735654484
"862",0.990169237236211,0.709027363308294,0.0536656575008964
"863",0.960573636617204,0.296864441406606,0.516868892545812
"864",0.804277387449774,0.62080748063795,0.439963757254144
"865",0.953993817149085,0.626112853458541,0.338607631895262
"866",0.978012987096483,0.991539438868797,0.26287199777174
"867",0.958998637890838,0.819729187601194,0.605821136573247
"868",0.917276466794372,0.97470166317947,0.65962844245456
"869",0.222740586084293,0.860753940212172,0.16390687949467
"870",0.972976724872166,0.668174355290798,0.355227137923312
"871",0.937057771148583,0.580348363376854,0.541675412305081
"872",0.960667113828125,0.95082430697271,0.289343959032379
"873",0.938244775506164,0.790845169730806,0.18532969110873
"874",0.979104453887263,0.669906820087247,0.228513903855928
"875",0.966962931357677,0.664592607318222,0.378033060514523
"876",0.971892705548781,0.665181369361333,0.356410245947429
"877",0.987479621738754,0.951933271792526,0.254748250649052
"878",0.941847723801538,0.541808203523582,0.4167087188501
"879",0.979272859908402,0.993096454059059,0.243819470838625
"880",0.978862709943478,0.989886369814938,0.305607497297477
"881",0.619697820823048,0.697682738251079,0.351735836159396
"882",0.876633177874723,0.666076937231633,0.260496226500068
"883",0.950101192289524,0.657114400311239,0.594046610851453
"884",0.978074627602641,0.825352479699417,0.2840677935173
"885",0.790301327235839,0.950560842118403,0.259058770726871
"886",0.963248775759936,0.664306824959417,0.33670096706429
"887",0.98859810959837,0.9533305092472,0.222599432128279
"888",0.9072269586188,0.946030636244128,0.422088286738178
"889",0.935704170699348,0.326360419537053,0.781631228105389
"890",0.974675734493111,0.624449430542485,0.372818586508241
"891",0.950426311753682,0.908459445709317,0.425671294577181
"892",0.782122839127992,0.205842556749963,0.69622741526884
"893",0.783241560205685,0.739242488657754,0.59687854411672
"894",0.966841097723226,0.700576004402361,0.417908656467734
"895",0.969336124758635,0.857468144765335,0.460644763492424
"896",0.979305007061162,0.910692221948275,0.341848540569896
"897",0.886029544470101,0.697180316065911,0.472518656895424
"898",0.558250395190388,0.909170275411679,0.30644766276822
"899",0.875671078536623,0.986704806352759,0.311816873668368
"900",0.856746543533732,0.944379777098355,0.411583599119508
"901",0.835889931359606,0.338074187175108,0.518481817899398
"902",0.0414253965220304,0.80780038945523,0.593016554088827
"903",0.267834097144092,0.695466672468554,0.671241379220395
"904",0.886152547172578,0.568675216263856,0.407042615591623
"905",0.824628739676888,0.955225611717606,0.151182069302408
"906",0.686972299570266,0.665713078070652,0.253697474440277
"907",0.929674143182911,0.498438746009403,0.515067964632146
"908",0.654796220551579,0.298454051163163,0.408994591376242
"909",0.547116362303787,0.978791836484867,0.507393054974997
"910",0.768324418906578,0.944553025163977,0.407960604318806
"911",0.910850456982746,0.300772428990311,0.527907576830961
"912",0.824094827547456,0.940280470994791,0.551092511541072
"913",0.767879670920415,0.661838774248806,0.36698860650138
"914",0.659355769793402,0.816126889213897,0.465834749000137
"915",0.922278424079658,0.531512554663143,0.520729089752428
"916",0.161134627474109,0.247708277472899,0.754559241062748
"917",0.961450019401083,0.984284101889327,0.38884486959336
"918",0.459482824285171,0.850245648530785,0.500766291717206
"919",0.51678040451972,0.696919892688127,0.379912131320875
"920",0.97610680068643,0.99037719184204,0.311916954225057
"921",0.953470537341204,0.947162105010476,0.39744940714396
"922",0.190488488999335,0.932937046620284,0.550682690308163
"923",0.414257812163784,0.287446634085888,0.662731192165778
"924",0.123880571128126,0.714501395865439,0.732724307006065
"925",0.952745040124189,0.78270013889122,0.424770705863679
"926",0.91738508496229,0.986473460882655,0.321845844197258
"927",0.958484062845728,0.874332656969368,0.307021713838885
"928",0.877814302569032,0.661074874072562,0.381359829966029
"929",0.964394172533785,0.334189428622187,0.526688737800108
"930",0.9764347886466,0.784359387491502,0.363737258810994
"931",0.980651012287153,0.541569029030782,0.262871193125511
"932",0.97996869705996,0.948837954811969,0.337256469758196
"933",0.6514714923029,0.689261442108027,0.508776793219258
"934",0.860734367934476,0.988052478811499,0.269124819301465
"935",0.882705591517231,0.97537447479584,0.636117436398838
"936",0.909846496606632,0.74369990616436,0.520502806102689
"937",0.97684229562735,0.662306333435292,0.382026156231891
"938",0.958886808435719,0.61502249151012,0.652648237719603
"939",0.945224168169712,0.662289683671045,0.441152796825212
"940",0.875593709831721,0.527937329388792,0.62682215190886
"941",0.549395769489018,0.687791785468243,0.621607932923411
"942",0.835803501271209,0.944190866723832,0.412227131742802
"943",0.88117220823302,0.696648785049658,0.493611927719379
"944",0.813362498985615,0.946083178376143,0.366759781603438
"945",0.809520801929123,0.946522548850856,0.396940644333258
"946",0.545430675050423,0.946758854421412,0.319229693889157
"947",0.959897131848087,0.948025180404627,0.362374886371493
"948",0.847420544317628,0.947058697994542,0.396283674125156
"949",0.889151337590928,0.826190995679345,0.382744857011685
"950",0.811043246450137,0.659704805845935,0.405113114367536
"951",0.950598781846259,0.986535150526387,0.389874612846307
"952",0.964137176467851,0.950112297372698,0.301052665858629
"953",0.97933545020907,0.626953574870373,0.317206088268961
"954",0.533362932754104,0.576930896673482,0.210238091950067
"955",0.980850657206306,0.705191677367964,0.270893294746271
"956",0.955606674535554,0.347063527589508,0.184512012635505
"957",0.989676262674677,0.95959429851043,0.100480217984236
"958",0.889278936472228,0.652160662738902,0.703633651238508
"959",0.950464388046659,0.986427841241613,0.392614763044779
"960",0.973541946592702,0.538491859134998,0.342796577552178
"961",0.965728105884061,0.656592038471334,0.550065271004788
"962",0.941798232113955,0.674201530338089,0.0689267103545809
"963",0.95126450947948,0.541138731475602,0.265581983492011
"964",0.984565021632734,0.701983137870537,0.23239921860999
"965",0.976992634739597,0.670129054483415,0.219352717661239
"966",0.975602271745992,0.909185540049816,0.407320387315656
"967",0.845189376277616,0.647965889714724,0.788917622456756
"968",0.976116021163117,0.706138439322385,0.279814049163318
"969",0.875655742884313,0.331103380104808,0.587113473274828
"970",0.484750785630999,0.78533682638387,0.310811322506708
"971",0.981202495466972,0.947350608105048,0.374773412864475
"972",0.970977504225337,0.822112371517977,0.477838550796491
"973",0.8814520637876,0.463249052207702,0.440196757105943
"974",0.918884793790886,0.65532026204851,0.580657260327864
"975",0.95752043205177,0.491020043463149,0.622939073589698
"976",0.953214531511952,0.532796950210199,0.639177127021182
"977",0.354210540006235,0.816849222137656,0.447696654454154
"978",0.950630463906491,0.619552469028981,0.496909793128412
"979",0.970485476028034,0.783366372183397,0.509444192905598
"980",0.967472498920509,0.90480987635407,0.517017870948884
"981",0.549288568577361,0.978783185351836,0.427082199565237
"982",0.968965709325842,0.665137025186351,0.356746842157741
"983",0.248266412755657,0.656268486501433,0.377569975780482
"984",0.970892146634274,0.978552566444952,0.543375983430864
"985",0.870373102392008,0.66780238969751,0.263512473775392
"986",0.565826745747225,0.98769726496947,0.254593196245265
"987",0.92179482748934,0.377214837411224,0.384967999876911
"988",0.976868452468222,0.948536375187766,0.343329130727712
"989",0.993803624989611,0.996571795230545,0.0981771876028972
"990",0.950500281485079,0.469132398307243,0.269394336129381
"991",0.97024047198665,0.734643808729478,0.413254674924097
"992",0.832271054220553,0.790844413114953,0.259967517352137
"993",0.954036727588221,0.538452008214533,0.333575763046891
"994",0.837951193066686,0.496756994040641,0.514543016935319
"995",0.32922460192946,0.293848779143826,0.407591309810232
"996",0.817441544482078,0.505261560149324,0.173229222866653
"997",0.654302479891187,0.56530165860177,0.532008830518178
"998",0.299139505893691,0.978407684635995,0.384673048608809
"999",0.725044484853444,0.695281048582222,0.436958352427921
"1000",0.897996567110853,0.983125628357088,0.406978162577119
