"","fundamentalism","desconfia","promercado"
"1",0.999214478477894,0.999450683649455,0.441662780952764
"2",0.769817973197619,0.75202177229876,0.428811086889726
"3",0.661103915686623,0.998801781137354,0.194184735862706
"4",0.968590349239496,0.666946102297156,0.746795349158878
"5",0.909269545190063,0.998777778055798,0.7558910832549
"6",0.609114386257092,0.751792646542866,0.25094350684613
"7",0.880425939461561,0.627567952673989,0.840533221275062
"8",0.206584735760868,0.664908549069091,0.62595879674162
"9",0.861550936834451,0.999215679938618,0.318717297479027
"10",0.679992598144651,0.619780054999916,0.826281353800707
"11",0.402516691618789,0.45727560358211,0.940329733635283
"12",0.475200327456223,0.998382595374716,0.105518105420971
"13",0.430211608341969,0.665064734702536,0.997037782366713
"14",0.644602864613851,0.585391413222826,0.25162917918864
"15",0.993290918541372,0.666766147041196,0.937599714732253
"16",0.751274131246375,0.334033925634613,0.952729288835403
"17",0.908025158748423,0.952298523339062,0.942914278619224
"18",0.0991820714557611,0.996950774018613,0.369804129747921
"19",0.159762170085645,0.830669119696144,0.334595631075853
"20",0.916322493796404,0.546521330055253,0.747520570440292
"21",0.751486825513735,0.334051439970515,0.939889511724763
"22",0.97990639415181,0.627650604577834,0.995600532585654
"23",0.982804523637625,0.667551292629798,0.318163171143154
"24",0.295950082366048,0.911463276560362,0.99626252181696
"25",0.962570101549612,0.00375025572050549,0.100438605395208
"26",0.993290918541372,0.666766147041196,0.937599714732253
"27",0.996620264466939,0.668007880690286,0.00155096687912648
"28",0.997456175596539,0.998794896025735,0.936011294815217
"29",0.996386929812595,0.913561179283186,0.936419051473913
"30",0.993806270875773,0.582123431909121,0.492496215520083
"31",0.828331566759281,0.420224767355994,0.391608325097292
"32",0.99482840569973,0.789325194660094,0.93701339432221
"33",0.093071734491141,0.670405912150345,0.940227044798378
"34",0.158006565646755,0.791194554921068,0.690810997725901
"35",0.883741657707433,0.743502991471537,0.384327574255494
"36",0.936921768903524,0.999362957182436,0.371890044292366
"37",0.999901099626613,0.999706770161222,0.248618597237174
"38",0.780241158304103,0.666134266346213,0.951067667950016
"39",0.99008920262454,0.256471178486826,0.390049374010203
"40",0.470023817455903,0.666068555170881,0.3216264745814
"41",0.982924235228278,0.743566417240641,0.55334856246443
"42",0.989079994614224,0.334720365854881,0.952027418788376
"43",0.520085130751516,0.666472648255237,0.124270619714913
"44",0.805927712313634,0.496652201790105,0.264238094364363
"45",0.984026628952856,0.952467204782687,0.981207412809025
"46",0.780104157688162,0.666083169740884,0.989585520367276
"47",0.992837000773109,0.420956526492678,0.195953297102239
"48",0.073042459549151,0.0853069760922001,0.943063426010455
"49",0.66638331753937,0.334696500425888,0.263467014891756
"50",0.793377630573727,0.606947734867356,0.592323687232778
"51",0.519802186851999,0.746002889924071,0.69469857338967
"52",0.469503390147172,0.665782581356919,0.537739873692805
"53",0.580408537059768,0.627006107497969,0.610340349902004
"54",0.517362212916401,0.580683981103229,0.542650416810055
"55",0.546882941132809,0.00136806171104872,0.999845686587001
"56",0.982690015755842,0.833239219770976,0.936840588171294
"57",0.0948532324194423,0.58722144731815,0.142634822851478
"58",0.469445522923993,0.824632009633903,0.85997494919102
"59",0.979531927620699,0.581495800623821,0.938044924428859
"60",0.649004603164191,0.118741460096774,0.941212682053868
"61",0.345708483491965,0.996896688669513,0.950774039228242
"62",0.357169148792818,0.911639988895573,0.996081837335831
"63",0.476981123472021,0.287506847820928,0.578119577497338
"64",0.606957927915495,0.82717263913813,0.963651327868867
"65",0.530139144115969,0.665588052393784,0.818312224169916
"66",0.908520727815024,0.99849849445103,0.96642179467591
"67",0.0694179524921468,0.6647669474694,0.433143997871449
"68",0.74650950871978,0.835307174724336,0.581235569189371
"69",0.558469273794483,0.951221908765642,0.995302569719449
"70",0.920095932307551,0.787023950443854,0.788962173830038
"71",0.442286044219057,0.665267724970351,0.869269383339734
"72",0.65576036804292,0.665905964460829,0.851900454481273
"73",0.909315843335932,0.998795045701426,0.742874315866631
"74",0.0317646010948111,0.857241996109957,0.997296025102856
"75",0.911027216797529,0.999433330235666,0.261720052641629
"76",0.983124469237488,0.746296209429239,0.506448424506279
"77",0.345060015728971,0.950639691504843,0.970254135905967
"78",0.621476635205313,0.958649602700417,0.982243141218789
"79",0.084009475393316,0.957168341177128,0.930522985285709
"80",0.583512987631018,0.792634657121072,0.528610856694158
"81",0.917424105946562,0.666647688340629,0.861447466562151
"82",0.99014525805346,0.416013383718714,0.938799311709116
"83",0.710390122288825,0.998399004868353,0.608106707671176
"84",0.918455028159287,0.506226787141891,0.00254859170622913
"85",0.703690109841453,0.573394596526641,0.996669544080537
"86",0.983362979522418,0.622730457978128,0.00180485110542813
"87",0.354165115883415,0.657683904479225,0.945939948317319
"88",0.588405631285125,0.333546896016342,0.966049135008995
"89",0.921996625747747,0.998828332582393,0.745356741393481
"90",0.983787873801968,0.920753730589823,0.936421920232329
"91",0.744810186560145,0.792597457939579,0.910104361243598
"92",0.708912809138063,0.951832876351492,0.860617467046365
"93",0.502206959022416,0.418922399498917,0.666813860708955
"94",0.730229535024957,0.665930753600303,0.996152297066528
"95",0.19161762521965,0.624460595745134,0.940155651115523
"96",0.212435696261831,0.253721311400961,0.776086516348966
"97",0.983635619723434,0.913501587959211,0.953765548968061
"98",0.366945550146246,0.664949715135513,0.945867910999915
"99",0.532263840799851,0.91220456107052,0.950628032884081
"100",0.977206171065019,0.334988047390995,0.722667747759832
"101",0.617894812974636,0.711979053901316,0.887790349671414
"102",0.358405421972142,0.996874187772247,0.995673587705582
"103",0.129283880737786,0.664255240948483,0.952988930144932
"104",0.581857350948,0.666092330119018,0.548475037031354
"105",0.678631367813816,0.580758252987507,0.839398403554461
"106",0.933847615860963,0.99855213494539,0.981136054491569
"107",0.282531523609207,0.824385510261249,0.637906436416784
"108",0.0898067726149455,0.410143173770103,0.941472137335003
"109",0.767072219983887,0.666070902880258,0.970365259332471
"110",0.312755948293191,0.332742767256282,0.973282273546288
"111",0.56419255790332,0.372544710385139,0.915148849765221
"112",0.780512240962186,0.666143499032673,0.944647293187466
"113",0.420696021926406,0.865837143052762,0.811086116223358
"114",0.718647295076327,0.707397092224722,0.830221552451179
"115",0.547049968528189,0.00136854384517457,0.999845193615448
"116",0.317440468682677,0.710054420879701,0.939379691536051
"117",0.907262523805478,0.905998945669952,0.994492585644665
"118",0.203515505305209,0.544170266115154,0.97259951967034
"119",0.0674654117390915,0.664252518213648,0.819677778533053
"120",0.907558713855492,0.913304771559407,0.936681222739281
"121",0.116919085509794,0.610701703969155,0.998216222203297
"122",0.0962365318717096,0.996279792254964,0.873095574459614
"123",0.729043512459569,0.580713600156638,0.983721249029046
"124",0.356259534361356,0.619247721768638,0.521732174479001
"125",0.393146454799438,0.580280607627293,0.577064767002017
"126",0.758601625924795,0.905595178061701,0.975672625524686
"127",0.729991077076788,0.705921540780036,0.995963156146601
"128",0.470754914225854,0.71229455671964,0.325874571457903
"129",0.426054719977795,0.372316554160194,0.785962672857137
"130",0.847573061625908,0.998484818689812,0.843338629491837
"131",0.697786176358015,0.998088700868856,0.816241297389452
"132",0.908513792459485,0.998495907797515,0.968371676428302
"133",0.952421968196319,0.335136810149558,0.555377038398234
"134",0.693707042451086,0.666214003454529,0.700985989153737
"135",0.656233114186352,0.753279201635134,0.957437817415833
"136",0.96575269568807,0.455127998744605,0.7987729829393
"137",0.0597417813883648,0.870404697481722,0.309770164170275
"138",0.0293170575865819,0.656703961032636,0.978996591683471
"139",0.32581035701609,0.379052475260535,0.940926412106028
"140",0.780859334851259,0.666272953337239,0.847061518828883
"141",0.667443323552562,0.580824043426108,0.76491638038622
"142",0.592425878085082,0.620492441224294,0.845882563960748
"143",0.527585666084718,0.453662134180326,0.9528185364362
"144",0.455538813025429,0.700181110912328,0.996796675677184
"145",0.770512249766836,0.831946542764925,0.701657230394675
"146",0.479366680104531,0.580052045041799,0.939521132798257
"147",0.61755243402879,0.626680700873541,0.938893826927568
"148",0.00454036820413736,0.702870666645879,0.972430685220653
"149",0.571386708673255,0.958538816027258,0.956712679984786
"150",0.707570206740095,0.859301849820376,0.912416944540901
"151",0.00242068277767917,0.491320340969126,0.822550903340594
"152",0.655699402870551,0.705130615164041,0.681565559630659
"153",0.972640586619372,0.00280998980274648,0.83680859117611
"154",0.728153120320989,0.50041170702037,0.996944137384695
"155",0.433824978907902,0.866433434097455,0.386838113865032
"156",0.197188553665302,0.996819417021334,0.684225176694288
"157",0.5204616564799,0.905119860633002,0.815253716476588
"158",0.393159333125729,0.785231679280748,0.996576184208037
"159",0.992528283598427,0.620466569372086,0.989178021757694
"160",0.91845758362566,0.705517191128843,0.963313737526354
"161",0.664134560364945,0.333949661900685,0.825912445647433
"162",0.605006598091726,0.665639458594867,0.943215426507489
"163",0.661179343044756,0.998402307920575,0.49782805111021
"164",0.591015229257597,0.619316029176602,0.983943489291614
"165",0.993940640926735,0.701889041540485,0.878364140319852
"166",0.868162236084676,0.62037293465307,0.787956006306225
"167",0.0566798936594642,0.864551284919368,0.990768597785468
"168",0.809717405324758,0.998210726377739,0.96866326816579
"169",0.983582372878056,0.92067708568183,0.994198698858219
"170",0.3528004880898,0.491382496212549,0.790082338644731
"171",0.708565452755218,0.905688183567686,0.795439815129186
"172",0.583790978016515,0.912453832289354,0.874099788948867
"173",0.965127806663882,0.461104272498403,0.996434565222433
"174",0.547323099438223,0.997624130375772,0.839666345543286
"175",0.757438144722244,0.705627926875917,0.52656309319433
"176",0.304978523607889,0.665693862195279,0.997402697864156
"177",0.954943458330198,0.62053734897943,0.853098012470991
"178",0.480826005740313,0.750449916548647,0.990064221423226
"179",0.119984062966353,0.911031392302996,0.939005703092408
"180",0.0815522311385715,0.825829412353885,0.833480806645264
"181",0.569046503275782,0.666010533286237,0.582560582169372
"182",0.88561451293492,0.998798147720062,0.688612902562655
"183",0.982330023131413,0.667374319957614,0.451569436105054
"184",0.619928255411596,0.666416644181745,0.385468527904828
"185",0.554619102958109,0.57350933826481,0.583042081252939
"186",0.770439244862814,0.920162371048546,0.91845161367525
"187",0.845081116380889,0.82797743090856,0.873733207285192
"188",0.94507742314595,0.667355205843591,0.384508869221831
"189",0.471016007578183,0.866155664554977,0.679305115134959
"190",0.620808595845197,0.792669811852676,0.583579619499845
"191",0.795301023081284,0.667054870644198,0.284668842045903
"192",0.454285245036073,0.4541350612697,0.433013255279648
"193",0.584136636010901,0.95140253463298,0.914292195304327
"194",0.656462286207049,0.831339975302484,0.912699824884125
"195",0.551299339212054,0.372432191942665,0.972393084616652
"196",0.433648076573998,0.838622125419468,0.384273340799767
"197",0.435080857760962,0.997813712699346,0.44983610359186
"198",0.422800734279774,0.91263727029451,0.382181479151858
"199",0.347305907873226,0.873410161231233,0.388920273798933
"200",0.505779507397099,0.711666443487079,0.8797518154538
"201",0.966274642676178,0.536218377911663,0.938298808655161
"202",0.880323653179865,0.659489963004907,0.726147816509023
"203",0.417848697880736,0.704029904005361,0.996889128657929
"204",0.543304658337231,0.504844738400816,0.230923199254893
"205",0.368526149548834,0.658130065823706,0.638443042829307
"206",0.709106635550627,0.997920307638744,0.968960214947138
"207",0.383660735333342,0.950916051295559,0.8448385575284
"208",0.0844689849307085,0.996159506303269,0.938705922918043
"209",0.0673302203360294,0.657778957579122,0.998138419497669
"210",0.817365331205353,0.627315756461832,0.89402579966588
"211",0.584478261316341,0.951713693329811,0.678654377803526
"212",0.836165912022951,0.998834681860743,0.552567908513385
"213",0.986033703480612,0.99923091641122,0.579753742518908
"214",0.0224086348033546,0.996494175147406,0.548550090673264
"215",0.0847707275847449,0.996272046127985,0.853870691073957
"216",0.847444448167399,0.998344978216415,0.949293194979347
"217",0.379201768971468,0.664976643220985,0.952251312167464
"218",0.566850322813827,0.591491078545332,0.939209826164271
"219",0.973649533042097,0.914473331627008,0.193666876661378
"220",0.968176109715685,0.554271467797948,0.465075739756922
"221",0.311632429121105,0.997756644313971,0.22284434043715
"222",0.998613113481567,0.914391470647502,0.310525412777361
"223",0.984560929535898,0.998681621442917,0.993825526479017
"224",0.0717792397939795,0.996122876628443,0.938743375955953
"225",0.566294993469597,0.460433894709768,0.632292264324837
"226",0.471321089628019,0.786297946588296,0.357708017462538
"227",0.984242305801796,0.828892937230689,0.482983481477717
"228",0.551286911564823,0.371441536117992,0.972397823897355
"229",0.0680797830138842,0.710282996001469,0.972208835751611
"230",0.65924739684894,0.952094221699254,0.553309531855371
"231",0.464569918773223,0.333589244905317,0.662682350285648
"232",0.565781077029883,0.506257361802783,0.939617582822967
"233",0.973339472281006,0.907162332430523,0.255378003071545
"234",0.638143253332389,0.333648215551594,0.998000210727003
"235",0.565959082717749,0.545479268575782,0.771890575468696
"236",0.433728035216776,0.997125411565144,0.96977297872188
"237",0.5084677892044,0.91211052183453,0.969956989567579
"238",0.611269109720412,0.998358540748399,0.421776675006002
"239",0.529517886829297,0.619189214727021,0.945607547020043
"240",0.517656933937164,0.6654768371617,0.875466505260841
"241",0.984560929535898,0.998681621442917,0.993825526479017
"242",0.904532691930098,0.581700918823708,0.617972611174598
"243",0.444988777667088,0.831020367300605,0.692387437263851
"244",0.967817293505566,0.589018211444062,0.689391742912191
"245",0.484283337364416,0.95124263796509,0.817090897215769
"246",0.54619340895959,0.873548086223088,0.71969370756877
"247",0.906859674649896,0.708066030161049,0.734208647398307
"248",0.818434646039675,0.705262269964544,0.937930650643515
"249",0.20802092089391,0.876325882750744,0.875375207147113
"250",0.355148806749589,0.745155834793631,0.977619490726071
"251",0.980099467428491,0.626736593661154,0.937828493240467
"252",0.583564986662932,0.912369545142742,0.937637471207341
"253",0.116947881374924,0.622954965726756,0.940382158713149
"254",0.443254554224198,0.506819749158933,0.24404681378759
"255",0.954207865390121,0.587652550330072,0.944509627575431
"256",0.796489584903951,0.913260419170284,0.72713926694509
"257",0.693067524069035,0.627155701105479,0.743412708016199
"258",0.71810732969602,0.711134916962811,0.995973318916046
"259",0.643218061940933,0.58828475741058,0.535736328672267
"260",0.691109622307671,0.454393626859469,0.755216543932138
"261",0.356105699622742,0.665541220262354,0.47276516516484
"262",0.549015604258932,0.140208894803408,0.888757116682048
"263",0.418363739084057,0.665464026856205,0.66775091407847
"264",0.0845619812422613,0.739419295648415,0.00389135632127217
"265",0.666730274282369,0.626908973775677,0.873173064184332
"266",0.977250011992819,0.415900109135896,0.996613543372915
"267",0.981090451733564,0.705731785246913,0.937450581580562
"268",0.711642893324661,0.998866246177782,0.255888949090922
"269",0.990132830406229,0.415022727894041,0.938804050989819
"270",0.892145176794525,0.666398132357189,0.995674412553952
"271",0.85260570023467,0.413676429664112,0.680332081966635
"272",0.987525452846068,0.214425080110504,0.965442112057237
"273",0.955150563345059,0.467004548772221,0.251278869057185
"274",0.779797546847163,0.627149030667446,0.938414970000531
"275",0.928140889302729,0.540023639463238,0.970490444398084
"276",0.95880088179579,0.874811719267275,0.663308341534719
"277",0.303555322541722,0.29872934483012,0.170930467295157
"278",0.0547187366781712,0.663980853061086,0.998146027536788
"279",0.421197841931486,0.958054586131706,0.995673401677188
"280",0.785904345333224,0.913916827039893,0.205287765021565
"281",0.127381347390314,0.286749596419031,0.387792882726175
"282",0.967471799155682,0.631648350891493,0.937842273279152
"283",0.556544407169379,0.704833615396695,0.690050164355362
"284",0.706617625994711,0.666516742390157,0.499270069090544
"285",0.704725606602235,0.461076920736771,0.446944751184262
"286",0.988134677181131,0.255742206470897,0.939566046309194
"287",0.0719732137652066,0.0000732593496512864,0.943471182669151
"288",0.765752772689396,0.412591122944274,0.562066012716023
"289",0.981460935919966,0.747945890322211,0.982185839316793
"290",0.877626460248653,0.381005447423374,0.665713492814738
"291",0.517430942583581,0.665392550015089,0.939004187519315
"292",0.541457424670312,0.573916922557409,0.997143661726872
"293",0.919894246218145,0.628749183703722,0.0295907213267508
"294",0.729709318303106,0.666102521951769,0.864521347851222
"295",0.685784339126361,0.913443654916954,0.345496443215564
"296",0.716794463405374,0.506988992593688,0.714513095229387
"297",0.983886827318527,0.874775496333429,0.74576381905223
"298",0.606717509341283,0.666155640196637,0.554821238411092
"299",0.332320077524111,0.665634814866003,0.349572318388968
"300",0.983697184675866,0.913524549608361,0.936456504511823
"301",0.920044075382848,0.839229086406143,0.988352467396468
"302",0.984560929535898,0.998681621442917,0.993825526479017
"303",0.629365308496767,0.625648127741664,0.996639836625173
"304",0.608025502082795,0.866268661303191,0.893506444936787
"305",0.64417364220438,0.753629631663617,0.664807901138503
"306",0.569144772375281,0.666047184343304,0.554932132138807
"307",0.992455007411772,0.335979131705747,0.00313938679616248
"308",0.870486068447871,0.667590519342797,0.0423905539059453
"309",0.971052461793259,0.920700068713221,0.949298657409326
"310",0.687047115525017,0.254873100010628,0.940454688574217
"311",0.978675339455637,0.335535997609325,0.309609668735046
"312",0.415967699811555,0.418746316553008,0.611723330137274
"313",0.982690700172902,0.787224334457515,0.773810937021759
"314",0.996386929812595,0.913561179283186,0.936419051473913
"315",0.645605415182573,0.792953359686397,0.422473408646498
"316",0.205612991512769,0.790928615293982,0.997100102212102
"317",0.856833031823127,0.712995952498833,0.638520438280887
"318",0.907353857549439,0.906033010073504,0.968814017366491
"319",0.72606427796979,0.333902004615764,0.997740716983564
"320",0.455213351093149,0.665179154616716,0.964866117800546
"321",0.429651864721443,0.618900945744742,0.945902295722369
"322",0.650992832521049,0.333744457932636,0.95302526320229
"323",0.910661118473207,0.0880097490529507,0.724124417832312
"324",0.992873019478955,0.587984696906614,0.776854169775103
"325",0.958601471807417,0.95237691323126,0.994121603023931
"326",0.467681735366459,0.586507636271095,0.748826219744356
"327",0.192595038543384,0.664722814228314,0.736423985799128
"328",0.497370169016243,0.951487484603097,0.659741488883904
"329",0.220382111701308,0.950246000843398,0.996300414133363
"330",0.919487491416248,0.719306005235959,0.721190383291711
"331",0.652108974284295,0.334068869140588,0.709015723800532
"332",0.95253613537627,0.335179390653998,0.523278828050518
"333",0.861714758733529,0.96033506585492,0.22791426221431
"334",0.577646111383908,0.334046431210777,0.562991482712067
"335",0.373464397487525,0.997856273851986,0.282565361783009
"336",0.577737760764813,0.334080613336255,0.537224172809303
"337",0.970547667507972,0.828481516328156,0.765547593641637
"338",0.0801902053134491,0.656893060236379,0.946748569184116
"339",0.654091064204583,0.66571097555135,0.996377015293987
"340",0.517317620328151,0.625696469419197,0.714535586250004
"341",0.962127302788812,0.999707069751798,0.165668123010027
"342",0.97208362067862,0.998724223329599,0.934136319138645
"343",0.353260005692865,0.533416005209297,0.972210661364767
"344",0.98427106119535,0.882114159598389,0.663198851179405
"345",0.379566557310419,0.57985016772552,0.874328810461271
"346",0.00416525705516722,0.663910979269776,0.940519061062537
"347",0.94345735535003,0.547035481102671,0.416346267013181
"348",0.106650194022296,0.784829695785413,0.674519537213702
"349",0.0851479059022905,0.99641272090888,0.747826651268849
"350",0.631946394581009,0.666538520581282,0.319198708316432
"351",0.366580862045605,0.579947019728597,0.772312673652369
"352",0.726849746348725,0.380210098385762,0.93974276788858
"353",0.847936053595432,0.998620202441752,0.741283094816103
"354",0.923469335680678,0.999041870595813,0.58635797225607
"355",0.784039100749354,0.839428928216179,0.538688844985453
"356",0.916412646214043,0.62025530742402,0.98298309791561
"357",0.984269625300663,0.920933407637448,0.800977031893447
"358",0.34405695810641,0.665377871672092,0.570474216942539
"359",0.984855736834396,0.998791574614118,0.910940176387322
"360",0.559574101304974,0.997497123620553,0.962981976766723
"361",0.53387525189996,0.997456743185989,0.937379526700284
"362",0.244640874576836,0.831415654383195,0.705901939787593
"363",0.908422458715524,0.998461843393963,0.994050244706475
"364",0.345525305116717,0.870903538913836,0.556655177229919
"365",0.9872213172688,0.953658715688719,0.0830177789361985
"366",0.419363652005216,0.785704443853273,0.694805167115176
"367",0.480200398185125,0.665259731347557,0.958372795319744
"368",0.971473239814209,0.9596767882911,0.968370997428354
"369",0.993086062235319,0.659494385555293,0.969732509359464
"370",0.99056603607441,0.454990103296593,0.957871651728145
"371",0.222445847917343,0.996725170836708,0.811135921096364
"372",0.730788440282341,0.666413126029877,0.630919955648382
"373",0.0779716144750083,0.452928808253427,0.525289098124777
"374",0.0794320647387567,0.703053045046098,0.997887945486305
"375",0.15463302358848,0.704336788582536,0.939885119567191
"376",0.990098127208508,0.335100094945766,0.665778479406765
"377",0.984472541993861,0.878933161735254,0.595029575915569
"378",0.581502315474573,0.75700417429565,0.970478743155911
"379",0.761398300605401,0.875105688730578,0.00767840192695759
"380",0.459794835561875,0.997516827817945,0.729500780789056
"381",0.419966787235313,0.665939979163197,0.30968253782658
"382",0.706177393686875,0.751187474756485,0.923253501966284
"383",0.670946066396479,0.997776354210714,0.994751142339041
"384",0.665995325960151,0.586829058548409,0.938940695290092
"385",0.83005514539246,0.620065182896821,0.938300954264301
"386",0.351593915940607,0.333047495462218,0.826834891013974
"387",0.968250942183589,0.674014871920506,0.867682712200562
"388",0.392202839892423,0.618778513246042,0.956902112393871
"389",0.905301393596,0.666486809674362,0.957118134684322
"390",0.994076401922534,0.745684693718963,0.994998581698238
"391",0.978466664181463,0.500202782759988,0.951273031508119
"392",0.993991726038112,0.667027524581918,0.740567025887289
"393",0.678355600048075,0.586864737186216,0.938904214666644
"394",0.403323243172335,0.544713221810285,0.997688097572307
"395",0.492423671657108,0.665244313380036,0.996854167113555
"396",0.394235493756545,0.756717956070694,0.777811811608457
"397",0.7482798667728,0.998472008384317,0.635623038309466
"398",0.14785347275219,0.958170378705128,0.309094680009802
"399",0.54156837987726,0.58053343300015,0.710031572903712
"400",0.731968836514499,0.581744530189033,0.206934338222265
"401",0.659548455085917,0.998221646837431,0.63150395116082
"402",0.492005785438142,0.665302258463662,0.951918377734221
"403",0.956268095479139,0.75188145865838,0.94372395925683
"404",0.458314954133501,0.705155731436329,0.230221974544525
"405",0.929947731183543,0.618987385305054,0.995788423494423
"406",0.794874085917044,0.751638689655628,0.774709103051869
"407",0.9327533802405,0.828474173680114,0.688358023047074
"408",0.64159528433342,0.546467679348789,0.93920397692568
"409",0.596599208791301,0.997889054334974,0.746317132769485
"410",0.0101509851397257,0.876903208360805,0.003457302422149
"411",0.986524733341165,0.99941405397463,0.441700233990674
"412",0.0829211524079769,0.949994681516357,0.886193482105705
"413",0.570831795066534,0.997487368642864,0.995046623734374
"414",0.49295683783649,0.636801991202484,0.72265759575404
"415",0.190357737273651,0.372019108715773,0.495765189462736
"416",0.191019801533032,0.530801314054016,0.870645867310801
"417",0.765844650455247,0.499882426166442,0.729014172350391
"418",0.657582863660238,0.866638482848491,0.721082903951484
"419",0.913777896011844,0.373632309991037,0.854479776467651
"420",0.155670513159453,0.783555534272827,0.997281821121305
"421",0.538249451629223,0.379640342279933,0.959558134621996
"422",0.607009824316311,0.877360151458036,0.963412928788718
"423",0.978886797584555,0.546374618915777,0.995989355525827
"424",0.972270659294309,0.00267201939729189,0.940814007604235
"425",0.641048890942288,0.454355542444392,0.67451841723315
"426",0.392335446208463,0.664040834761379,0.939378102135255
"427",0.330846426993198,0.78412034089922,0.951827776948101
"428",0.193906749328845,0.750138834226774,0.598052194929797
"429",0.983354775444291,0.667756517980088,0.163459356595642
"430",0.984832587761462,0.998782940791304,0.917448560081456
"431",0.834899323419209,0.952347146486972,0.74583326269807
"432",0.395443885126917,0.911826522828042,0.938192699596212
"433",0.796295148838664,0.752260570152493,0.305381151723638
"434",0.313402168872058,0.332769983181537,0.954021642230189
"435",0.541707852530674,0.665420375749244,0.971030409034595
"436",0.430267681002709,0.664099627180528,0.977783595438786
"437",0.982387868500822,0.615171417483062,0.250495485660006
"438",0.331050373244415,0.717355676324682,0.914196898202466
"439",0.984682032071388,0.998726788600872,0.959777434378909
"440",0.909398214354979,0.998825767311119,0.719715626153218
"441",0.0821746416555973,0.82957315899067,0.997279281142802
"442",0.92291793848119,0.95315681055539,0.323491570578896
"443",0.600233851974133,0.333597939233334,0.953175075353929
"444",0.982946694733503,0.713619458227537,0.441028860061633
"445",0.963078012490231,0.173609537671427,0.558062373712361
"446",0.958096703343267,0.667728543510318,0.129397428946762
"447",0.978965831900915,0.414269929376288,0.506175704295514
"448",0.720870284149822,0.748031996423814,0.34608986031734
"449",0.969487010518175,0.713295667265473,0.657535411402319
"450",0.428423860161246,0.425302709780759,0.397317469292854
"451",0.177897498261003,0.410674058119957,0.731076150841209
"452",0.348084558584309,0.820336388645722,0.0984561031841973
"453",0.576667010035804,0.294953347872603,0.63109750254571
"454",0.550718727139172,0.333395859658569,0.998258239084427
"455",0.645172598785686,0.58166469123914,0.0775078889018376
"456",0.669108488015153,0.666280017720723,0.596965525040925
"457",0.983998013409365,0.759040684452839,0.30479754372199
"458",0.995021493978637,0.821021636651183,0.994638171037992
"459",0.920233536119097,0.667359777882803,0.326628541008117
"460",0.98162655699141,0.667111950832696,0.649349605011569
"461",0.979470770613489,0.335832666581646,0.0859734483011758
"462",0.905432339548007,0.625445741846803,0.774894625951523
"463",0.0913714090866756,0.33308716320157,0.226824162105598
"464",0.973619700138553,0.122890660233676,0.985176092961264
"465",0.994708459693587,0.787010336180244,0.962702873880652
"466",0.573332602935901,0.99799248048873,0.616791920162646
"467",0.956594202029279,0.779688298376081,0.950010533134788
"468",0.961248451125156,0.882919937008719,0.000634664644622714
"469",0.920063635103771,0.828437544005288,0.688395476084983
"470",0.708731524401657,0.958960620262641,0.937048590789023
"471",0.753212229826276,0.412396338143557,0.682579999844686
"472",0.547475788784015,0.905650797191922,0.471063138632761
"473",0.733522729113038,0.905603971378518,0.914070749748379
"474",0.981889574303817,0.622180927565973,0.416054118314719
"475",0.721905732823516,0.913162797811974,0.637966601450328
"476",0.577236608122404,0.411533267475523,0.952872666142602
"477",0.018236637643031,0.790387742735999,0.997653132521952
"478",0.0517375372047585,0.410033284745626,0.941584496448732
"479",0.282919379799638,0.66556728473568,0.29268942176133
"480",0.493312421249274,0.665789589516085,0.584556486764124
"481",0.765081036223155,0.465551085493178,0.939225329638085
"482",0.519761714672537,0.831158452405139,0.751234051192652
"483",0.685807723921253,0.998409231356315,0.546503366508854
"484",0.234455024361842,0.996843704442387,0.747385980072728
"485",0.265238759667511,0.364880218480198,0.591390869170619
"486",0.672435936957639,0.997996292559212,0.830927646386113
"487",0.746717006041281,0.95184391495917,0.935020934202396
"488",0.19498244212926,0.90408826127221,0.886170939209055
"489",0.597242755756893,0.997639657108671,0.93719250123219
"490",0.471538909487622,0.997200754051943,0.995339680857877
"491",0.394664435384047,0.791636576256712,0.873279079329107
"492",0.509197516034074,0.997645214542837,0.740155519057366
"493",0.63404703764356,0.920249543073112,0.55353473473383
"494",0.981604729784235,0.576059549597095,0.333301197067529
"495",0.648617635799055,0.99841343205722,0.461867530295619
"496",0.768025086480944,0.666518161914602,0.632671174462929
"497",0.0955941069533603,0.791275968612417,0.492280944777405
"498",0.718024544964204,0.455161481202895,0.230823251062185
"499",0.423657383475436,0.905821531626519,0.0702002935898838
"500",0.74104836638163,0.500524981603188,0.939129905720896
"501",0.966511867366952,0.540246068312431,0.885542853440269
"502",0.142845262239485,0.664311287033248,0.94010975516746
"503",0.997782187581253,0.96009670391228,0.706978240187546
"504",0.868215934361359,0.666438161423921,0.91286055832314
"505",0.409268466087137,0.997457065196842,0.664251770554421
"506",0.808718880261095,0.998174043314577,0.994344513965893
"507",0.796188969176298,0.998197026345968,0.949444472517
"508",0.405037618992423,0.665068120260878,0.939335909816643
"509",0.983439173832714,0.667787995730125,0.139730670069861
"510",0.981527972254966,0.667075182053703,0.677066796666725
"511",0.381975891726516,0.82648096467382,0.996413222532693
"512",0.98145279908523,0.713062285576763,0.861039030903508
"513",0.649794969228755,0.998698852244863,0.247613312954447
"514",0.324085446075863,0.997948843453579,0.104102991533151
"515",0.581659376854314,0.704838276043943,0.741510117806525
"516",0.997342008416588,0.998752315521295,0.968109505162934
"517",0.429450389285103,0.587293247621723,0.820840805936337
"518",0.310641691434812,0.95838360503038,0.503606238614355
"519",0.746220792356821,0.912839060425112,0.937157402144389
"520",0.507751063854301,0.792555318409162,0.422969018365691
"521",0.999348820450572,0.999500788670588,0.403892408597055
"522",0.620901806736402,0.997682599739331,0.956381396965951
"523",0.609432825887727,0.997643610313761,0.960884960384622
"524",0.18961345438265,0.418062331430765,0.635638588699333
"525",0.580423308519728,0.665557480698976,0.951657418604768
"526",0.527948307307894,0.459976664834285,0.895670411527024
"527",0.470750858279008,0.91201009994796,0.963648734197304
"528",0.463829172918671,0.333221099710555,0.940738516401499
"529",0.917547591287571,0.627873960625303,0.689354968874229
"530",0.854990739449252,0.620156627930619,0.923438347683017
"531",0.966402553371738,0.546414634148944,0.938250029937848
"532",0.66981883186166,0.666483138551624,0.444211099274251
"533",0.998626352918756,0.91439640851068,0.30680313252176
"534",0.956541505236334,0.713163647689633,0.729480070520637
"535",0.415036288198944,0.333594065852109,0.550543526011342
"536",0.742482408809902,0.50105983102323,0.535947524147481
"537",0.984860172074179,0.794242810513636,0.185835308931308
"538",0.933091955438663,0.752629974572156,0.324324868705641
"539",0.993577453706829,0.575828754561899,0.534854934816326
"540",0.74606886027798,0.905860957523778,0.746314899325064
"541",0.534176994553997,0.997569283010705,0.852544294856198
"542",0.219028402008399,0.756019590591649,0.924661679605974
"543",0.566572983855094,0.580253069878049,0.977781196579547
"544",0.971979100640642,0.952670100305555,0.800684999772067
"545",0.985244181836047,0.0416342720446683,0.998366747002614
"546",0.514975649198766,0.46004832070807,0.812824219580708
"547",0.583433125033102,0.997582894438333,0.950072408902669
"548",0.572204132642608,0.866813406420064,0.40121870655444
"549",0.425876714289929,0.333094647387195,0.953689680211407
"550",0.525320471195859,0.333437531890474,0.910979007165861
"551",0.953218257118141,0.250598874881655,0.0312879525991525
"552",0.376166800228367,0.372097365208904,0.843227354704223
"553",0.310901533225955,0.00166775632609747,0.255380518230572
"554",0.404671921599213,0.711220787689407,0.996893702523814
"555",0.0827290825656391,0.857465159717252,0.939369434325327
"556",0.211064946376957,0.204954863265256,0.967768106281346
"557",0.986020517186595,0.953210857790729,0.420623854874156
"558",0.693401871610179,0.666405859564178,0.554565394604045
"559",0.192323640248358,0.664713463819927,0.74293310218627
"560",0.225253819623348,0.997680577506059,0.0914667972284154
"561",0.95629092891513,0.751889974759268,0.937304317187287
"562",0.604005146789049,0.630599183619598,0.938915023768885
"563",0.982307189695422,0.667365803856726,0.457989078174597
"564",0.475782541639349,0.294438918243119,0.800975198976179
"565",0.970358327158284,0.874426039346775,0.981618038226137
"566",0.741548706031677,0.335254876322189,0.00387992201701436
"567",0.389730564535585,0.333334516420387,0.692303774138937
"568",0.969029978351728,0.701990639097208,0.7466276966878
"569",0.98408369449844,0.867653564147727,0.664951676617011
"570",0.866142203365542,0.335189481060639,0.326414453523925
"571",0.917025208275957,0.672708249241039,0.99557136658681
"572",0.978638979023797,0.455237930533564,0.743478629840261
"573",0.571398887308919,0.680230772945619,0.0155812015397126
"574",0.0823304933628197,0.825692072818171,0.939521436235435
"575",0.646551516091641,0.877865531563283,0.666072260617531
"576",0.704974897441339,0.633537473863114,0.660463470102741
"577",0.972846940038624,0.999008915685247,0.719528360963669
"578",0.361316873373368,0.997746258332006,0.339541173681646
"579",0.583281865596699,0.707713532246499,0.293379330466039
"580",0.44292155054138,0.704110728418882,0.990395552927028
"581",0.270373254997445,0.665584220597772,0.252347882254179
"582",0.990803540130525,0.422468236980196,0.775696128340878
"583",0.370928139713491,0.996910335312947,0.995636627639225
"584",0.581040575396019,0.704973275616416,0.637596360246374
"585",0.0675752512223702,0.664079682095643,0.951221198259684
"586",0.804505088744545,0.666249123157191,0.916948319710479
"587",0.265596154829311,0.579457017849235,0.923413192033539
"588",0.906114932378004,0.705610015758583,0.865765416205682
"589",0.970210363892245,0.833280947795389,0.877810119267881
"590",0.960589860580305,0.914298731546727,0.297709746127413
"591",0.982840596510804,0.667564746593864,0.30802124881801
"592",0.978899869849645,0.54017015816254,0.970340632246445
"593",0.531166226091196,0.67316647630029,0.555009906973042
"594",0.933547940375502,0.959620582525467,0.928015622372432
"595",0.956987237005022,0.66731475001588,0.441324936606547
"596",0.571853153566186,0.997532567806913,0.962945735864728
"597",0.78831043777313,0.334308102670112,0.825545947834125
"598",0.414446528969479,0.333405860464768,0.692230826420685
"599",0.679768963493144,0.493649885875803,0.536166935816048
"600",0.318581745912135,0.713370430533899,0.907921651820939
"601",0.95918143926244,0.998608362093266,0.993900432554836
"602",0.0578147479493941,0.910775885303076,0.996965364278448
"603",0.369942452314088,0.865447085013663,0.996263596409448
"604",0.931429329232774,0.793099777366458,0.937181725793236
"605",0.984560929535898,0.998681621442917,0.993825526479017
"606",0.973826830100321,0.960554598023034,0.306656868128484
"607",0.406732007250389,0.665852058978773,0.347491575356114
"608",0.970221971160202,0.867179826163537,0.994491906644717
"609",0.976435916349476,0.334700768381831,0.939225587687199
"610",0.970044288964496,0.588862784846883,0.0597805632407404
"611",0.221086358253531,0.99655386016195,0.938302704759832
"612",0.0586002163283293,0.957083979073074,0.938967415183463
"613",0.1378540888345,0.286265033083233,0.778848444984619
"614",0.654335570859627,0.55328203114106,0.529450296250829
"615",0.860621243618907,0.913912081050543,0.372519841656591
"616",0.243569856752594,0.671251041351661,0.627769884596429
"617",0.932680193285798,0.667641477030823,0.139880482221499
"618",0.547245638662683,0.919923918064453,0.610819623855117
"619",0.422164279409883,0.99723481826863,0.861333070464137
"620",0.61758429446939,0.532727912998946,0.34117330962656
"621",0.65780206941322,0.834514522098022,0.989145246465808
"622",0.554986085338016,0.580627764766072,0.667752282085472
"623",0.968330517963066,0.500132538553932,0.22987443414858
"624",0.653896361540119,0.380750644832172,0.369327337265679
"625",0.989125661486205,0.334737398056657,0.93918813464929
"626",0.41674880747131,0.587100214174617,0.939671629157935
"627",0.73267445905503,0.66684262773579,0.308759599488485
"628",0.408738551466406,0.873268984113241,0.630706602156089
"629",0.973255336386357,0.953146093159724,0.441870115873088
"630",0.00100074547597373,0.417090398725121,0.960958650529507
"631",0.773894837348578,0.999090757561791,0.22165748145911
"632",0.338727010225875,0.453057831536818,0.998312964419342
"633",0.584398969094184,0.997789436230247,0.795278627066005
"634",0.414865481046249,0.453277609585772,0.998088246191884
"635",0.98408999858009,0.86765591535739,0.663179278113802
"636",0.82753910157626,0.419501599516836,0.939260447053546
"637",0.6482707709633,0.959372407607815,0.491809198824352
"638",0.476613991270442,0.453498101145121,0.965808125698479
"639",0.704475578220388,0.619702690296639,0.938671594985553
"640",0.421573361025679,0.751374101114784,0.158204505251382
"641",0.85639163393689,0.497024406551163,0.0919893591063124
"642",0.426251852210714,0.33311263062599,0.940849423657859
"643",0.334038612233148,0.957839363429874,0.968302487032493
"644",0.0691228576349882,0.784372381186504,0.939756386743214
"645",0.979235737570685,0.574189974734367,0.995856287334242
"646",0.0831474902582356,0.750026308854298,0.440979570372188
"647",0.992414946860412,0.389174688048857,0.202702424331072
"648",0.99243433037631,0.420806344026699,0.30916445903844
"649",0.481335023115845,0.62680131112207,0.548956864894834
"650",0.622334462307753,0.913076333218972,0.485596891675132
"651",0.616420825702735,0.454348736730578,0.625754360209915
"652",0.741215465626324,0.412526294972085,0.557579979049624
"653",0.969909315717929,0.588812444381899,0.097728418845632
"654",0.271564559483765,0.90477917903558,0.528994915010894
"655",0.356856759125628,0.870433571846724,0.938502556179811
"656",0.877866074870438,0.454673238606251,0.951784704370391
"657",0.618355055966855,0.580994969734534,0.527563331722767
"658",0.860703561494783,0.95995792341755,0.51221331984353
"659",0.408331657500503,0.82710208582063,0.582267997882779
"660",0.434494486296692,0.919863576782675,0.409740809108403
"661",0.355746079465309,0.791361983035652,0.996656993215506
"662",0.577950392294646,0.460084748124409,0.923062252610282
"663",0.830107747619979,0.620084801752112,0.923511788372822
"664",0.281388275113236,0.66508810636435,0.653366178481117
"665",0.669416247192179,0.786110295643408,0.934084933473699
"666",0.359466409555411,0.997299958875763,0.674540574259175
"667",0.4946518180153,0.791908295171341,0.885823121794314
"668",0.531209907016056,0.785702904950192,0.940912416052305
"669",0.000747105642608596,0.332160875471586,0.73205802474634
"670",0.983117217220843,0.867293100746355,0.936677674980918
"671",0.591215533902153,0.539235488785114,0.831394198549214
"672",0.834544333919794,0.959410104384874,0.871101644432314
"673",0.455099183913198,0.665136574112276,0.996964328148263
"674",0.325397416956446,0.332821508532655,0.941147089603569
"675",0.97177769425468,0.913775198942699,0.719936117622365
"676",0.197221350548582,0.824647817083018,0.251807687918878
"677",0.854732636297821,0.620060364167335,0.996004292200385
"678",0.984560929535898,0.998681621442917,0.993825526479017
"679",0.582910186740004,0.746394692158179,0.535251669232796
"680",0.678479570172968,0.586789043315242,0.996680020878072
"681",0.99057579724531,0.461203080150718,0.977100732937984
"682",0.267100114290256,0.618440181014707,0.939962482994324
"683",0.967705927344002,0.666616242783552,0.995451399433962
"684",0.995530341647533,0.66760137626869,0.3079837957801
"685",0.753855991212234,0.460829830662073,0.742251329029779
"686",0.37961243507517,0.703919532846758,0.997001980743212
"687",0.783499224039569,0.998160396671142,0.94948192555491
"688",0.982393825705828,0.825933393881521,0.994651951076677
"689",0.18288406181469,0.706795198875114,0.114180591857801
"690",0.40703577221752,0.824348641684021,0.938573914497267
"691",0.427379257026171,0.333655045109901,0.531248372429363
"692",0.73768858305096,0.999218033984263,0.0456760848787326
"693",0.90942190555494,0.913999679171783,0.412843118718463
"694",0.717653957068179,0.665936704429918,0.964091539756722
"695",0.906864579220518,0.867030742192961,0.969000603556092
"696",0.984254318694899,0.959747482369478,0.942654976112271
"697",0.0955372974157309,0.665116147629961,0.225058258939379
"698",0.917116542019918,0.672742313644591,0.969892798308637
"699",0.0548100704221321,0.664014917464638,0.972467459258615
"700",0.434491032577087,0.997136064191516,0.96335115210196
"701",0.931242506271444,0.462219116927335,0.0752846648525837
"702",0.203032444657134,0.333138474242239,0.432375907662946
"703",0.0731447819142804,0.996632177745821,0.554819920591168
"704",0.977408382071779,0.33506346527094,0.665815932444674
"705",0.592996920956137,0.588094973627359,0.569932288095091
"706",0.683727145277169,0.997847048289092,0.969035121022958
"707",0.130054364506647,0.625630949812809,0.668786984387715
"708",0.980217940423163,0.625496678152588,0.899975551259732
"709",0.980395672480731,0.666652872458378,0.995413946396053
"710",0.376612085861186,0.379123065637417,0.998552645887271
"711",0.541742048256609,0.460455106230207,0.562408140965171
"712",0.429671887262383,0.341583545256543,0.00476609152523876
"713",0.4321051771792,0.622025954052315,0.309855343977496
"714",0.554932638185976,0.620261646002233,0.939108259593978
"715",0.410891019562207,0.040270624909269,0.776516784575254
"716",0.595185486015716,0.827172458075019,0.938007774828127
"717",0.955106871333375,0.673808794090189,0.995454268192379
"718",0.591883973820582,0.580300780925036,0.996965216712357
"719",0.731407501671173,0.666370095397405,0.664965863198114
"720",0.475194541293019,0.998410495879449,0.0843095371814038
"721",0.988095776385378,1,0
"722",0.909159833022802,0.913474329888148,0.811374846510606
"723",0.218562375623213,0.783958596538034,0.828807387398544
"724",0.98651811362257,0.999411585043041,0.443561374118475
"725",0.996296240686493,0.906331998301724,0.936453635753407
"726",0.755773750271107,0.70862909895581,0.72814155066345
"727",0.54072159050584,0.498956106960134,0.939725861042365
"728",0.215172433639692,0.418018790123323,0.724689726149555
"729",0.0844689849307085,0.996159506303269,0.938705922918043
"730",0.746811895991676,0.828224597971142,0.470756353346605
"731",0.997002355921298,0.744120864133732,0.162968011992193
"732",0.645573796238285,0.958702260151664,0.995011169218447
"733",0.654599193624786,0.700781060654066,0.976950436614278
"734",0.596849441397278,0.839447104933183,0.114943330571948
"735",0.345273136425481,0.904704037752889,0.74749782437815
"736",0.991673971952542,0.427718112998934,0.548402696276772
"737",0.971871184399169,0.998644991768091,0.993862979516926
"738",0.90704082326439,0.872021709602566,0.936878720209151
"739",0.889330813299598,0.334751290528601,0.710087957364183
"740",0.964297526405589,0.378614793492713,0.939052781536283
"741",0.354073137521595,0.664844956653582,0.997262500594171
"742",0.3488779953656,0.998078809612387,0.0596627858619179
"743",0.727968739442381,0.460537134865318,0.907919212318352
"744",0.97990639415181,0.627650604577834,0.995600532585654
"745",0.972263945160223,0.998791478274434,0.883437921019258
"746",0.633759810318459,0.912947059977516,0.608826219074453
"747",0.45325422019225,0.545008586766675,0.882647116542239
"748",0.980601173404643,0.66672951736637,0.937637167770163
"749",0.889250103028584,0.334507385784199,0.895204620273325
"750",0.726609990570408,0.288090396417496,0.681475877851132
"751",0.916908020030262,0.540530375309342,0.560925873793036
"752",0.305207125067486,0.703704757665577,0.997221583648265
"753",0.623582939087372,0.998254966530033,0.527428295274836
"754",0.983787873801968,0.920753730589823,0.936421920232329
"755",0.505720365365972,0.626687530805578,0.688798072861063
"756",0.492423671657108,0.665244313380036,0.996854167113555
"757",0.554326850175306,0.619201675881991,0.990471347566942
"758",0.53475273587668,0.95186074650684,0.458042081891412
"759",0.181875141363035,0.665328999354863,0.252431597855904
"760",0.448639472753386,0.00171670539871512,0.519833860506902
"761",0.0256283150630314,0.332048292882387,0.872075250575737
"762",0.35667762327977,0.826407939775615,0.996487888887058
"763",0.191503358963297,0.333412800818893,0.198722987151971
"764",0.724866108452564,0.213739633691738,0.910961015704493
"765",0.467571454848179,0.574139704821219,0.666090033967841
"766",0.953868674944458,0.575107371209388,0.995926454129359
"767",0.72757308432011,0.499453213525212,0.971272253216147
"768",0.814939552712074,0.260933273741533,0.375753817498908
"769",0.882194360573014,0.74695698746223,0.763496843403839
"770",0.665711563557368,0.580513888483627,0.996747318914773
"771",0.77999181109022,0.619934255679473,0.92812941601269
"772",0.988545694031182,0.288505949194651,0.939409305118384
"773",0.883685175654737,0.839543292321508,0.67002723004881
"774",0.735030476132152,0.78734496472215,0.139804137292963
"775",0.983674351239876,0.913516033507473,0.942876146581366
"776",0.965088879897057,0.335164923723495,0.561759227429868
"777",0.720711041572578,0.786792387897001,0.528235538705816
"778",0.134476601892266,0.950652058782379,0.499690782756581
"779",0.342473315204272,0.665214831400354,0.690867124731107
"780",0.604234349141372,0.626683641315403,0.907493992605097
"781",0.993584343088354,0.659680227494144,0.829640377454247
"782",0.387634923309068,0.332950459507719,0.979480847324764
"783",0.577076774070472,0.411473654769307,0.997810160629405
"784",0.695014118208306,0.751842097281576,0.401492446774819
"785",0.221692175699311,0.950428935961456,0.860194349557045
"786",0.968820839999927,0.751866991727877,0.98220435863618
"787",0.260134476823113,0.996998781014655,0.685811775393964
"788",0.724314266400839,0.913907414095862,0.077559301100081
"789",0.479992367574706,0.580285405348268,0.763608510289723
"790",0.239428527925813,0.498010355591872,0.998391281933277
"791",0.598646124224631,0.959496968038587,0.288505467925568
"792",0,0.331882230285237,0.942107480979574
"793",0.980764181806836,0.502045700013931,0.308813089136176
"794",0.985038088685374,0.998859585699297,0.859671781455567
"795",0.921533448112248,0.821790377645708,0.249693413061518
"796",0.961634495425557,0.168145920201511,0.946479262393522
"797",0.99529485059266,0.828318946439749,0.943246450202152
"798",0.699017060868694,0.998547779243175,0.470176956004968
"799",0.683663359912426,0.91265260126322,0.941811750129159
"800",0.556075588392909,0.626835450669931,0.686699591092948
"801",0.745807157335083,0.839106365507064,0.700012190204914
"802",0.474069639086362,0.998112875870109,0.307946730029735
"803",0.97088504656041,0.660606589942375,0.0761762835041991
"804",0.978808536105684,0.540136093758988,0.996019200524618
"805",0.0835348047016091,0.665335839910753,0.031874045012517
"806",0.98455877313537,0.913845893021077,0.694220096306282
"807",0.757983212705003,0.667011435255558,0.235942238060577
"808",0.242381813298534,0.664598604978508,0.939815978879595
"809",0.644178282627006,0.750963693189281,0.957484223376443
"810",0.832512957612854,0.713195889037474,0.433369642524528
"811",0.826269573769501,0.334498858872593,0.763758019004184
"812",0.849810706728849,0.253976783170398,0.997756597722259
"813",0.894554910850469,0.666961148739505,0.573230427249978
"814",0.99308541761746,0.666689502133203,0.995376493358143
"815",0.557900590657046,0.785127185343939,0.684170429522619
"816",0.594033232788186,0.665937306129546,0.692910734591221
"817",0.56944827990492,0.620145241829125,0.30676347720659
"818",0.316530646342722,0.41182022792179,0.16393595755236
"819",0.976230415425564,0.334624123473838,0.997002366313089
"820",0.87207164137251,0.92101756606455,0.491333805805312
"821",0.80546081452563,0.666147912989648,0.995930256361
"822",0.601118209857844,0.333592041792055,0.959592039901542
"823",0.972076685323081,0.998721636676084,0.936086200891037
"824",0.40757884366705,0.741740830078785,0.680259570542489
"825",0.780276979552121,0.666483359543235,0.685941472426765
"826",0.731273417686405,0.666258273150667,0.749623118821465
"827",0.738097328193036,0.380166513455967,0.997485743412951
"828",0.844305105428683,0.7132334782904,0.430637505194606
"829",0.649948640585406,0.333690742667699,0.991545793141479
"830",0.528859657895403,0.566719240708226,0.945858562487929
"831",0.91306262632934,0.334545754963882,0.918204044915726
"832",0.581141480868827,0.666009078732851,0.610153044548041
"833",0.507300016333047,0.82690187126052,0.951106312989198
"834",0.978391562050628,0.296610374636774,0.252019476298757
"835",0.526856241787721,0.372708175518057,0.709200257775091
"836",0.0876317307281173,0.253066801515264,1
"837",0.959637516507557,0.959958679931624,0.728299407262297
"838",0.770647424438597,0.912892668913378,0.949924457729586
"839",0.658416155311682,0.997799337242105,0.949851100890148
"840",0.000978556657842468,0.409886766046323,0.941734308600371
"841",0.731498190797275,0.673599276378867,0.66493127891862
"842",0.981535859671987,0.743048600022375,0.943691659898758
"843",0.601072542985864,0.333575009590279,0.972431324040629
"844",0.689967752747217,0.493123264716867,0.958573707803566
"845",0.554395350483277,0.619227224184655,0.971212421358312
"846",0.581608526158427,0.665999526871519,0.618432361359371
"847",0.829271306351607,0.588240282806839,0.976971541284675
"848",0.576303718336542,0.333545763916213,0.940406554382717
"849",0.857072066339355,0.708159869974533,0.553886362685208
"850",0.980555506532663,0.666712485164594,0.95047645190925
"851",0.666940643393244,0.665807217932392,0.951402067769274
"852",0.908531179577796,0.913667468448516,0.663271567496756
"853",0.709209275777894,0.00183662595639956,0.99936658993851
"854",0.901662987649403,0.334990291450255,0.555526850549873
"855",0.973537616678166,0.00314455173567674,0.584607743894607
"856",0.729818088509035,0.580942373780896,0.811619168957796
"857",0.973381072543386,0.00308616605750745,0.628620275070678
"858",0.972519484083882,0.00276482264479136,0.870856683276218
"859",0.0755585033653508,0.285870559472185,0.94210393322121
"860",0.988920160562293,0.334660753148664,0.996964913275179
"861",0.795345714745937,0.91304759675003,0.886314546917222
"862",0.668988683778116,0.679975761130393,0.423029774153019
"863",0.417658863821181,0.665079201633039,0.958557382987363
"864",0.0465937234917486,0,0.943546088744971
"865",0.997433342160549,0.998786379924847,0.942430936884761
"866",0.662039984593428,0.998723298167513,0.255857867778442
"867",0.972778439730654,0.998983367382583,0.738787287172299
"868",0.992167687778393,0.574316938725102,0.927722650096116
"869",0.95932537523392,0.998662045352109,0.953432698385185
"870",0.854983132704039,0.666290861992322,0.995784094145752
"871",0.897822822209897,0.998655218069188,0.823931596239037
"872",0.995834427307889,0.667714789955675,0.222489825499054
"873",0.654113897640573,0.665719491652238,0.989957373224443
"874",0.909873030498136,0.99900285770523,0.586220619566727
"875",0.243764093367528,0.783843622191995,0.97134351937824
"876",0.6520412869025,0.29565144552797,0.265821829335778
"877",0.982074745795343,0.67348844639494,0.545314343584653
"878",0.960042712085,0.998929587784056,0.751752765973886
"879",0.97217579884258,0.921119035514688,0.633471386244757
"880",0.882133998123942,0.660815448212456,0.475711950928097
"881",0.933801948988982,0.998535102743614,0.993975338630656
"882",0.729649567569934,0.619699304738298,0.996373467535623
"883",0.438824149176324,0.379302644314917,0.998369030634114
"884",0.50616361184231,0.666038421987846,0.423663014118847
"885",0.511102867436836,0.998050171769109,0.436683839043632
"886",0.670875990294057,0.905384203953417,0.943833669198954
"887",0.422426814601702,0.905362570974126,0.416175893349777
"888",0.533270203824821,0.904986996983681,0.944239804600549
"889",0.671070366759054,0.877771486831603,0.791212804595419
"890",0.795052198291711,0.666962067396698,0.35462616637392
"891",0.908239612848788,0.789904016163809,0.307659646635425
"892",0.980884950809652,0.705655140338921,0.995227360206452
"893",0.676372296022692,0.372759421419596,0.997702237838134
"894",0.96684218248397,0.581459170948996,0.938082377466769
"895",0.723633001322128,0.0873548959504299,0.812030613722085
"896",0.183149038640507,0.744215905392012,0.334937331180225
"897",0.970732236828056,0.878504708630945,0.890432972218576
"898",0.932176119238438,0.793378304830882,0.727221011184594
"899",0.450518650240558,0.333106626408039,0.998553973729859
"900",0.977691220491363,0.385123308630797,0.763072860991048
"901",0.471445541709649,0.997317920113641,0.906124642457146
"902",0.702058141406584,0.334157215853495,0.751285472399859
"903",0.634676458072942,0.997848246821925,0.86070585324283
"904",0.446671248476695,0.99747037883184,0.736047829657015
"905",0.366890072880257,0.583757697445195,0.884577993730394
"906",0.496801113366564,0.997687933159039,0.680554813620131
"907",0.573581120393906,0.998512774187262,0.222071214250695
"908",0.433444231039951,0.997141492729901,0.956934666997255
"909",0.483498344629368,0.997330794378996,0.922739200545983
"910",0.703434113023705,0.334854150810511,0.224840213575704
"911",0.860881071530154,0.914130918634001,0.206838855512254
"912",0.833832189197997,0.998391887096534,0.883846494221328
"913",0.905260388235672,0.742777725368093,0.982434230543476
"914",0.98242243796801,0.828214187957819,0.994641039796408
"915",0.573694632087387,0.959399593557416,0.307837834824003
"916",0.933594319961038,0.667646682343947,0.137927922947178
"917",0.617372428983644,0.580964216118746,0.548774817205719
"918",0.906932434910629,0.874251407073535,0.975385661346142
"919",0.970221971160202,0.867179826163537,0.994491906644717
"920",0.900297445529102,0.334480990332877,0.939450305914658
"921",0.967705927344002,0.666616242783552,0.995451399433962
"922",0.933028893255052,0.92060721189052,0.936571732383968
"923",0.530404465125319,0.704354802662465,0.996556926917693
"924",0.959875721456077,0.0027453428936677,0.85796611055045
"925",0.734787868478122,0.998106106813111,0.884050077027233
"926",0.568554353157486,0.704646761483813,0.858303529787055
"927",0.45886856355198,0.919378107024617,0.831928262179431
"928",0.567087162788581,0.580444841264273,0.833219304357179
"929",0.508683337100588,0.997453443156613,0.884717411279734
"930",0.572230331883732,0.997673242587809,0.85690169605962
"931",0.97027917983716,0.833306613819979,0.85846245143466
"932",0.976813094667021,0.334841443162726,0.833181547882091
"933",0.976435916349476,0.334700768381831,0.939225587687199
"934",0.573793871742223,0.11859377789358,0.88869819423458
"935",0.566380313971877,0.531895947268903,0.861079836137107
"936",0.480547807711142,0.66538930337405,0.860698279336571
"937",0.642377010695526,0.665702512838798,0.977152864601337
"938",0.641353431783563,0.580485828298025,0.964721337120946
"939",0.609347720337434,0.866761804081062,0.52176353527413
"940",0.567221451618088,0.626510067042719,0.958301099901822
"941",0.966796515611989,0.58144213874722,0.950921661605855
"942",0.714165215607231,0.334404134012391,0.590216714584422
"943",0.931868958345006,0.828144314166509,0.937014073322158
"944",0.269048215265453,0.745091587325694,0.837871691002393
"945",0.494022685180795,0.750949535241607,0.639406109609466
"946",0.957809564982206,0.878381205155994,0.955957989267351
"947",0.654998900142144,0.658518477633049,0.970730353773377
"948",0.650947165649069,0.33372742573086,0.965864547341376
"949",0.576303718336542,0.333545763916213,0.940406554382717
"950",0.405044554347961,0.665070706914392,0.937386028064251
"951",0.976435916349476,0.334700768381831,0.939225587687199
"952",0.374156284938374,0.997900521979017,0.250465446327824
"953",0.982261522823442,0.667348771654949,0.470828362313684
"954",0.571249708057314,0.95848771942193,0.995230532402046
"955",0.660907629112785,0.998392839790263,0.504425909121942
"956",0.579518897082158,0.334744917060863,0.0364560168773068
"957",0.713580033756973,0.333942019848931,0.940001391395584
"958",0.931379680016084,0.789142046285966,0.937200659511759
"959",0.567573729331068,0.665461238317934,0.996632366129481
"960",0.656598971186047,0.831390954185887,0.874270714091457
"961",0.354512766633827,0.699889493453634,0.997094848123093
"962",0.419548628692518,0.826589420527152,0.996302328804978
"963",0.49205642524126,0.580088674716624,0.939483679760347
"964",0.993639213909643,0.701776619437695,0.963110630539348
"965",0.95655366936563,0.789138660727625,0.994902532061829
"966",0.412449414830371,0.332996737383562,0.998666332843588
"967",0.595552732431564,0.912328096738431,0.995378262181336
"968",0.362711792783108,0.332895417848309,0.966715257125581
"969",0.971473884432068,0.95248167171319,0.942727013429675
"970",0.666129476548148,0.541514239262693,0.996931227582444
"971",0.417056062930168,0.618839236670145,0.965198195526001
"972",0.403877039464518,0.579800339114776,0.965422234753512
"973",0.654826302292908,0.626829677880579,0.907344673425011
"974",0.353118058917602,0.579653820415474,0.965572046905151
"975",0.479161179180619,0.579975400133806,0.997297911424146
"976",0.982677588108611,0.832248563946303,0.936845327451997
"977",0.417562083759541,0.580208181779599,0.685555484403534
"978",0.0791431483476359,0.578862976172628,0.966380667771948
"979",0.593576295327918,0.827091761336273,0.995788696361961
"980",0.40685888355579,0.826552790852327,0.996339781842888
"981",0.569714661998298,0.827065134321816,0.96376124918212
"982",0.417636030385191,0.665070685532151,0.964977025056906
"983",0.980020561331761,0.627693185082275,0.963502322237937
"984",0.391073127147838,0.579721128935511,0.997557898139138
"985",0.413164846906084,0.248092912160712,0.752365243457662
"986",0.980487006224692,0.66668693686193,0.96973537811788
"987",0.981779508830974,0.621153856128085,0.443509824376805
"988",0.608242477568293,0.912364726413257,0.995340809143426
"989",0.982848754614918,0.706387572870634,0.443102067718109
"990",0.975200530324737,0.999886725417182,0.0578142316637994
"991",0.986246139760062,0.999310147972727,0.520027082140626
"992",0.979404688175658,0.587657680872618,0.995791858055958
"993",0.396502554533054,0.873156029766374,0.689721277153162
"994",0.97990639415181,0.627650604577834,0.995600532585654
"995",0.970643246090414,0.878471518089662,0.91545280205979
"996",0.969081605590131,0.58229440017649,0.308466458514615
"997",0.973620881464875,0.0491907472684612,0.724034997207773
"998",0.420942542874768,0.666303903080354,0.0353479192733224
"999",0.336638167874676,0.286548129132212,0.999109544018212
"1000",0.99437240741892,0.589529938728546,0.358789141404916
"1001",0.99308541761746,0.666689502133203,0.995376493358143
"1002",0.21302750236876,0.332597681541259,0.865102578196344
"1003",0.972031018451101,0.998704604474308,0.948925485030123
"1004",0.936246873019056,0.999446976879101,0.306582641052613
"1005",0.729329884463845,0.586969626418096,0.97085164044826
"1006",0.679716715845461,0.535676267697885,0.722589000990068
"1007",0.986196449121118,0.882832264303766,0.121874219453167
"1008",0.720557630964697,0.781809936588284,0.553937779983214
"1009",0.421011595492319,0.904774624920059,0.859736788025343
"1010",0.622624028439201,0.997897325226028,0.797026928637168
"1011",0.522469876400478,0.997563406951668,0.831370262411156
"1012",0.417426305892175,0.618977324797526,0.861104037473285
"1013",0.860060540049469,0.998537881702767,0.830373883383257
"1014",0.298646215369767,0.117824899025537,0.870251552357784
"1015",0.985212109085327,0.998924489434469,0.810745781839389
"1016",0.518818439611045,0.784791502069268,0.853599497962072
"1017",0.521562685080777,0.997560788292059,0.831372939933086
"1018",0.967797261087963,0.666650307187104,0.969772831155789
"1019",0.585125577944373,0.997786517170627,0.799087464395821
"1020",0.658953167681159,0.997999624729217,0.798869566598236
"1021",0.990194907270149,0.419971114799206,0.938780377990594
"1022",0.993290918541372,0.666766147041196,0.937599714732253
"1023",0.914545714778696,0.458753604630795,0.938818510028451
"1024",0.900297445529102,0.334480990332877,0.939450305914658
"1025",0.904257201660357,0.666433094409424,0.995638664623511
"1026",0.65934822210087,0.874492258956276,0.250213462021315
"1027",0.423265098660159,0.997645386691135,0.551836699744521
"1028",0.367743235797648,0.741217701186189,0.99044025554577
"1029",0.739843945925925,0.334345138712186,0.691270435044681
"1030",0.987616786590029,0.214459144514056,0.939763543779064
"1031",0.339655917667028,0.527104636217413,0.997958725758663
"1032",0.814750729256671,0.427907644167105,0.997033922438286
"1033",0.528900357509132,0.415332686125279,0.445817324624261
"1034",0.690686862395303,0.334490398996022,0.473265054214449
"1035",0.528047530349347,0.334118899822953,0.39931877132524
"1036",0.99882171771684,0.999304197143113,0.552087839450433
"1037",0.986222990687128,0.999301514149914,0.526535465834761
"1038",0.965629411955077,0.441677324808129,0.785998128078498
"1039",0.988920160562293,0.334660753148664,0.996964913275179
"1040",0.384161040992516,0.905179379835515,0.471545152524636
"1041",0.600322279537586,0.172855577892359,0.33642410680041
"1042",0.967797261087963,0.666650307187104,0.969772831155789
"1043",0.904378304195847,0.666478261567379,0.961590572523403
"1044",0.314679135992226,0.503251830208801,0.940369522295641
"1045",0.209762155237103,0.997026531604502,0.554416702432958
"1046",0.983980962080875,0.952450172580911,0.994046696948111
"1047",0.353506842278171,0.333882882958814,0.19638372279014
"1048",0.570813998573463,0.912583993548045,0.746797837146433
"1049",0.795082253149433,0.786626957535727,0.816781822975106
"1050",0.722437398975878,0.998531748578442,0.533644847510028
"1051",0.980396080425954,0.421012700065352,0.126033425812131
"1052",0.467371934035387,0.66532335325458,0.881945752471418
"1053",1,0.999743656662141,0.220812663957427
"1054",0.606988600304742,0.666592481056055,0.223548740440016
"1055",0.856587350460701,0.751602174679882,0.937598586446705
"1056",0.305145537543211,0.665105865104546,0.691902249076547
"1057",0.185242492279673,0.877008929064203,0.306584067983252
"1058",0.371482283358658,0.75107914111777,0.272587227287399
"1059",0.413552631519118,0.206993951043127,0.61468548998392
"1060",0.350887991462892,0.245923023720743,0.531800818892173
"1061",0.368887609115619,0.630425979617942,0.555600793640046
"1062",0.166301586819044,0.492276835130547,0.45479792465359
"1063",0.390546320310356,0.492571590033092,0.721959502782142
"1064",0.445900880316616,0.834372833115195,0.632731923120267
"1065",0.535773765395418,0.959101179970726,0.451496436395854
"1066",0.795566687499971,0.701942652491002,0.403206297576829
"1067",0.534184612163818,0.873765427294218,0.528281892145117
"1068",0.291840373740324,0.459739751127004,0.558587257000897
"1069",0.908422458715524,0.998461843393963,0.994050244706475
"1070",0.965127806663882,0.461104272498403,0.996434565222433
"1071",0.41530511015848,0.488322146385823,0.997920593720805
"1072",0.987635411459141,0.20106139769608,0.887090951560979
"1073",0.96973269283128,0.828177558282994,0.994678492834318
"1074",0.556471120569386,0.791941387342498,0.996064565038825
"1075",0.463299729121248,0.333177320486417,0.972837952413776
"1076",0.953295849182179,0.335462738259674,0.309684574810865
"1077",0.764923081402844,0.454509592171028,0.828766259649756
"1078",0.968223817935104,0.707899304740393,0.995253901964093
"1079",0.963540670288835,0.334587493799013,0.997039819350999
"1080",0.992642450778378,0.620509149876526,0.957079811409978
"1081",0.904678650120303,0.505784880073516,0.30809391033438
"1082",0.283911232019023,0.950672936240002,0.811085227659264
"1083",0.982188678559805,0.747231293030373,0.774091004116654
"1084",0.426741130539635,0.372114898506533,0.940662837468258
"1085",0.980395672480731,0.666652872458378,0.995413946396053
"1086",0.973249215952151,0.0806765551583784,0.940440835225033
"1087",0.395941534706064,0.912012129323041,0.798278050940178
"1088",0.563499806019861,0.333466553736947,0.972542217768344
"1089",0.643704697533798,0.666013951224404,0.743461998080899
"1090",0.570636260153147,0.871153877234904,0.859456831940578
"1091",0.996090739762581,0.906255353393731,0.994230414379296
"1092",0.480710748017638,0.785501301826996,0.983478631990072
"1093",0.734467096353989,0.793436051343172,0.25037756673403
"1094",0.956808819506232,0.793173036716109,0.937106819717417
"1095",0.683841312457121,0.997889628793533,0.936936910675242
"1096",0.550845966584213,0.327233979409772,0.940511305457328
"1097",0.727778653789878,0.454256903066357,0.9393885292279
"1098",0.67740601362372,0.419068231775166,0.939703556050142
"1099",0.563568306327832,0.333492102039611,0.953283291559714
"1100",0.51597717508696,0.591301979341589,0.971457848663626
"1101",0.720144547970233,0.666865610767181,0.263859558039592
"1102",0.998831853842668,0.914473053418673,0.24902635389587
"1103",0.21842050879515,0.777574418189995,0.939350060105134
"1104",0.976953806940578,0.375983830338672,0.939028090217329
"1105",0.971006794921278,0.920683036511445,0.962137941548412
"1106",0.718265773827277,0.666164891429357,0.792078680752971
"1107",0.901784849855841,0.259065265711471,0.252422758277563
"1108",0.347050325801038,0.958209878999234,0.715318411758999
"1109",0.424593620996449,0.998140880678669,0.178321391578654
"1110",0.531161969387528,0.665817542603614,0.646209411405659
"1111",0.619528127654293,0.581554416420222,0.105122996355184
"1112",0.0224866266192942,0.918883696303541,0.251873662908751
"1113",0.659913559061813,0.913095289063892,0.553492707830035
"1114",0.981002687540008,0.574848987430019,0.499076636531621
"1115",0.936246873019056,0.999446976879101,0.306582641052613
"1116",0.0848756164028386,0.996311166116641,0.824381100915591
"1117",0.404110056539291,0.334093236634344,0.147397625061376
"1118",0.996567254294198,0.913628434228021,0.885720653354526
"1119",0.994799793437548,0.787044400583796,0.937024305602479
"1120",0.725637076504789,0.299848123640385,0.99790363017394
"1121",0.387997312939297,0.37193546073504,0.992133784995703
"1122",0.505175563676499,0.665669913373289,0.701453688053933
"1123",0.413556578898691,0.333042184230291,0.966565191723843
"1124",0.600606742710792,0.287386141232714,0.940554284162007
"1125",0.496212790564519,0.904980563833075,0.867973012766341
"1126",0.419681031808591,0.750668326191856,0.690234649844953
"1127",0.979326426696787,0.581419155715829,0.995821703054749
"1128",0.643461314556041,0.704681147721947,0.996223246262798
"1129",0.967705927344002,0.666616242783552,0.995451399433962
"1130",0.182609519124153,0.665359036385079,0.23122084506596
"1131",0.400872361937256,0.333039371276338,0.940924329733679
"1132",0.983318386934168,0.667742946294096,0.173690020545378
"1133",0.99308541761746,0.666689502133203,0.995376493358143
"1134",0.917038280541047,0.666503788487802,0.969922643307428
"1135",0.401850918595098,0.411043907037425,0.940551157354477
"1136",0.967075517138314,0.335905872356096,0.00321429287198196
"1137",0.968775173127946,0.751849959526101,0.995043642775267
"1138",0.981090451733564,0.705731785246913,0.937450581580562
"1139",0.978294402482301,0.499152514229099,0.996215265275625
"1140",0.838526101868919,0.33425198267264,0.978150068477606
"1141",0.405605158800215,0.71030891329821,0.939119478628251
"1142",0.971871184399169,0.998644991768091,0.993862979516926
"1143",0.997433342160549,0.998786379924847,0.942430936884761
"1144",0.596132699886587,0.958559545600437,0.995157091712241
"1145",0.427555226182978,0.453314239260597,0.998050793153974
"1146",0.463375422772667,0.33314373821699,0.998516027720396
"1147",0.980395672480731,0.666652872458378,0.995413946396053
"1148",0.0502697022179947,0.293026481103996,0.942144255017536
"1149",0.98931323696029,0.334807357376933,0.88645111315292
"1150",0.416007031104058,0.333987875086651,0.253494179117726
"1151",0.954526903878352,0.627577345228183,0.995675438661473
"1152",0.955221683131185,0.666656258016719,0.937712073845983
"1153",0.355382658466072,0.580498439606125,0.328877747446495
"1154",0.55551345056552,0.626839594772787,0.682320277507856
"1155",0.345571482876024,0.996845592064184,0.989291891645502
"1156",0.827133292258177,0.426729347327154,0.939227328160067
"1157",0.96065389757021,0.999157539339643,0.579917390219318
"1158",0.98002120594962,0.620498068504365,0.937858338239258
"1159",0.954243126473343,0.588651722255632,0.938085246225185
"1160",0.979765262275043,0.335942502030922,0.00317683983407215
"1161",0.963540670288835,0.334587493799013,0.997039819350999
"1162",0.394259827545162,0.833745342158963,0.996342650601304
"1163",0.347228782126633,0.866613644007832,0.0602917129897085
"1164",0.957974681975228,0.787398527796816,0.587350043076123
"1165",0.375862130662941,0.339129425346629,0.998744704050582
"1166",0.995738462049601,0.867304182118517,0.955899148151638
"1167",0.541949936759817,0.373489408245537,0.14875551791558
"1168",0.8428986645228,0.581523125490725,0.618065779695696
"1169",0.996090739762581,0.906255353393731,0.994230414379296
"1170",0.972535603385786,0.998892797622821,0.807060954621698
"1171",0.92189772537436,0.998791446081474,0.773162674673228
"1172",0.921112203852253,0.998498473068789,0.994012791668565
"1173",0.667108033205991,0.619518775023779,0.996558055203242
"1174",0.997250674672627,0.998718251117742,0.993788073441107
"1175",0.984560929535898,0.998681621442917,0.993825526479017
"1176",0.636024435002009,0.998290879619287,0.527391574929933
"1177",0.983400994625852,0.906218723718906,0.994267867417206
"1178",0.817910103563778,0.705372307859171,0.853186598224495
"1179",0.966309312644964,0.420455028100328,0.518845113224538
"1180",0.0800982269516292,0.664054112410737,0.998071121460969
"1181",0.84596711910943,0.913050932182078,0.994639178817853
"1182",0.985513851739363,0.999037029259185,0.725910549995303
"1183",0.97196251814313,0.998679056171643,0.968184411238753
"1184",0.233958525917657,0.996842271271242,0.747387445458743
"1185",0.842427043999283,0.420541826569281,0.181608212621818
"1186",0.971871184399169,0.998644991768091,0.993862979516926
"1187",0.980395672480731,0.666652872458378,0.995413946396053
"1188",0.0083583478407668,0.750309784753423,0.0618393351766042
"1189",0.424764693435989,0.286878563104375,0.941073271648884
"1190",0.971194570613038,0.734422385526164,0.249962268848844
"1191",0.967842927959943,0.66666733938888,0.956933547016703
"1192",0.904462702584269,0.666509739317417,0.937861885997622
"1193",0.414540663731827,0.411080536712251,0.940513704316567
"1194",0.983491683751954,0.913447904700368,0.994233283137713
"1195",0.987850914778348,0.249427036406115,0.997372669933875
"1196",0.191622832751618,0.664452086279206,0.939965791031234
"1197",0.59154952984064,0.665530445836831,0.996561602961605
"1198",0.993290918541372,0.666766147041196,0.937599714732253
"1199",0.0319896713586984,0.664896112754914,0.253051457408675
"1200",0.970801938615225,0.913411275025542,0.994270736175622
"1201",0.246009851196858,0.950319976778621,0.996224775364536
"1202",0.979559761351131,0.335865857122929,0.0609536184599617
"1203",0.54210529312555,0.586577228156324,0.858941721576465
"1204",0.609311723352238,0.997598443155805,0.99493305248473
"1205",0.454489436265302,0.626243060683236,0.91426678991073
"1206",0.758046094472029,0.912797143117908,0.994898672561291
"1207",0.480176208463542,0.495519047637074,0.411709766743574
"1208",0.755260810845708,0.581099333652339,0.748095801691002
"1209",0.974291001337537,0.169156173499234,0.959276354213996
"1210",0.729160289241013,0.580697036857755,0.996560053725224
"1211",0.987026530601433,0.914766283257451,0.000407756658695898
"1212",0.993290918541372,0.666766147041196,0.937599714732253
"1213",0.829282104660755,0.574747744951495,0.996294164078582
"1214",0.980827164758226,0.666813804512981,0.874099485511689
"1215",0.415994647293585,0.458623984811645,0.698051386361229
"1216",0.974203649938285,0.173062807974397,0.997775272912733
"1217",0.913983688360118,0.334553546930521,0.914301603889013
"1218",0.606121577318666,0.673128734666333,0.747830837847188
"1219",0.663522743605847,0.333721474901246,0.997925304651183
"1220",0.592172943755332,0.62660744152389,0.938968733003387
"1221",0.402961204288455,0.499549073680944,0.94012775013481
"1222",0.657483329069758,0.831385056744608,0.88068767863907
"1223",0.976656461385379,0.249948100078555,0.577007438566723
"1224",0.730649802158582,0.57898245222961,0.569748638530888
"1225",0.754851646479048,0.420233200763897,0.224283856901285
"1226",0.515716709416007,0.334094206217623,0.391074469751345
"1227",0.991224265008304,0.507460077315388,0.957620636260259
"1228",0.646995811109332,0.951701533619588,0.82480261547547
"1229",0.979851610726788,0.614225478944023,0.963566751516222
"1230",0.847821886415481,0.998577621937311,0.77338130516382
"1231",0.995112183104739,0.828250817632645,0.994603586758499
"1232",0.642791999304178,0.545896238008264,0.623381191791716
"1233",0.701595137111304,0.37323191953458,0.693984256236265
"1234",0.415589876876151,0.425800758350023,0.743411353941062
"1235",0.906221005465623,0.667165526941137,0.443513372135169
"1236",0.105893319727506,0.664709982540577,0.556299391609412
"1237",0.679584721657992,0.665826815405441,0.964203898870451
"1238",0.963700504340766,0.334647106505229,0.952102324864196
"1239",0.86762174544891,0.626380686156905,0.961888902063576
"1240",0.992016171833516,0.581455785390654,0.995784250016839
"1241",0.805107942778729,0.666473967362772,0.747455339271489
"1242",0.934800474052645,0.998571785806776,0.968294092830553
"1243",0.41674880747131,0.587100214174617,0.939671629157935
"1244",0.963166203757724,0.288432689845,0.939484211194204
"1245",0.876825396398824,0.334569606526172,0.820726247041475
"1246",0.249979384023681,0.256320359102626,0.910292863510367
"1247",0.878914666848122,0.3640200675949,0.334786932777852
"1248",0.961439734729261,0.999450630074254,0.35897853159939
"1249",0.655599939100759,0.78598922909395,0.995801606164212
"1250",0.735341636692021,0.913477719507372,0.428145917052958
"1251",0.976298915733534,0.334649671776503,0.977743440104459
"1252",0.669329819776126,0.746272256823496,0.817520300001382
"1253",0.980000964937664,0.579400613042522,0.798141187053094
"1254",0.296036781081768,0.911709414792501,0.809462202029199
"1255",0.866780853227066,0.496324948281816,0.646116794348189
"1256",0.970801938615225,0.913411275025542,0.994270736175622
"1257",0.516178799952505,0.49540768385624,0.575156383816467
"1258",0.396024536999,0.912043086376587,0.774941877977583
"1259",0.344991515421,0.950614143202179,0.989513062114596
"1260",0.577652759180786,0.453764404752597,0.984768639739746
"1261",0.725546478662804,0.167978248236529,0.55683706259176
"1262",0.657187075475806,0.91250600779334,0.995196352035646
"1263",0.48101594648667,0.66550208988904,0.776040037770113
"1264",0.505125028617555,0.626831281922791,0.578287189982188
"1265",0.572991555140569,0.997927094619432,0.665718412750377
"1266",0.548010667497774,0.997880570053316,0.646355936953923
"1267",0.789753723486068,0.373360508570289,0.789358949991548
"1268",0.539901961812459,0.261191466311378,0.329851469560026
"1269",0.352094480005638,0.494437135874701,0.95314051942476
"1270",0.530871912965757,0.461158943053856,0.00390115241674851
"1271",0.480924620191776,0.746761285349444,0.78597379089775
"1272",0.982605105455931,0.828282316764924,0.943283903240062
"1273",0.908932414079907,0.952636898953554,0.687838586274596
"1274",0.568548538059691,0.665824809069313,0.722563972449997
"1275",0.959204272698431,0.998616878194154,0.987480790485293
"1276",0.97158740699416,0.95971936879554,0.936272787080638
"1277",0.570077653967822,0.827200518073755,0.861705714506386
"1278",0.910796726037098,0.914512440804945,0.0263110431643274
"1279",0.40635660839849,0.630679488806472,0.445066306800678
"1280",0.99022351953233,0.422251908875503,0.938769466710325
"1281",0.804267886175453,0.461274503229767,0.514835168028197
"1282",0.967774427651973,0.666641791086216,0.976192473225333
"1283",0.969943357426223,0.758494989104487,0.688580968875502
"1284",0.370064394853459,0.911753263478391,0.938267605672032
"1285",0.850779787443821,0.168395342134072,0.514227754583661
"1286",0.484788758417728,0.997384470089163,0.884787934726155
"1287",0.934022756518658,0.959797672919577,0.794520615785941
"1288",0.98107541934249,0.6320258251124,0.680867987768814
"1289",0.346161097473019,0.997065498406587,0.823521191462112
"1290",0.722243177627989,0.959150108470537,0.822685090084101
"1291",0.240114697759314,0.452809548856788,0.970975852876167
"1292",0.343832115945162,0.665324071683728,0.610853449209054
"1293",0.0711757942851071,0.957078028243459,0.97102817249327
"1294",0.0852908668846546,0.876750546391714,0.283986844817491
"1295",0.51492825756697,0.459908714686119,0.918778545346764
"1296",0.665503567055776,0.454297679866886,0.772030990623381
"1297",0.657321529529671,0.786203719136795,0.836624621084611
"1298",0.994656460661673,0.667275448158574,0.553676259367469
"1299",0.933687090906154,0.787518707455979,0.442861351822106
"1300",0.617301910850757,0.619391907185862,0.983865905693865
"1301",0.358238394576762,0.996873705638122,0.995674080677135
"1302",0.980316804524946,0.588983890214417,0.742838791432201
"1303",0.866812954512092,0.455155142735263,0.561478327280965
"1304",0.806053865614873,0.666491031570642,0.736563259362864
"1305",0.921112203852253,0.998498473068789,0.994012791668565
"1306",0.965297799769274,0.420077767941032,0.803232912478348
"1307",0.933312670660061,0.959532834863071,0.994161924820257
"1308",0.970356352297987,0.667604761827031,0.25028192323003
"1309",0.895926687550022,0.00237559644034573,0.998815504457583
"1310",0.957532226023473,0.867143196488711,0.994529359682627
"1311",0.322542187132825,0.997159457422436,0.700416593339277
"1312",0.720795635211383,0.912748768873685,0.950071592359295
"1313",0.570464660467054,0.745378848477113,0.299657716490925
"1314",0.9133539455171,0.173513273721278,0.522300276114161
"1315",0.933801948988982,0.998535102743614,0.993975338630656
"1316",0.876749960735315,0.334541471569993,0.841935055002497
"1317",0.457501990918979,0.666124612014035,0.251618101388155
"1318",0.972957817301424,0.999050269161641,0.688355113926685
"1319",0.856449051208201,0.581880745412489,0.376058143326019
"1320",0.980839105558857,0.497148409714095,0.270318909718142
"1321",0.86433187382415,0.334606161243555,0.765595541642846
"1322",0.570831110026347,0.665690110633546,0.0773274052009265
"1323",0.342016661117419,0.577450049492934,0.882819899569735
"1324",0.421912377680305,0.905232516813508,0.513850902304503
"1325",0.490926518102601,0.334240735488449,0.225467417268366
"1326",0.882751178955103,0.793179802501421,0.769784056628878
"1327",0.972031018451101,0.998704604474308,0.948925485030123
"1328",0.790316068100823,0.419463454164746,0.886722581466574
"1329",0.418115827764861,0.580444768150406,0.507034481427103
"1330",0.803122358100554,0.412897729759235,0.410975769246774
"1331",0.998104696502705,0.999036772433092,0.75367903023714
"1332",0.869059540006373,0.627038865537465,0.465021482050825
"1333",0.856017271372045,0.701435200246191,0.921099642990452
"1334",0.995856140486136,0.706542671817549,0.353759622518961
"1335",0.591130837726621,0.578085496996234,0.945621668958209
"1336",0.554466097975373,0.665482553726734,0.951734029788056
"1337",0.370758502716618,0.996968996982145,0.950700105566884
"1338",0.65543843468895,0.627057982601944,0.735243072796669
"1339",0.951056426076018,0.33462750903218,0.939300493763019
"1340",0.964718952571994,0.335026953318041,0.665764643857993
"1341",0.417802490518466,0.665406689177308,0.710081000511837
"1342",0.316543847015262,0.579582047625303,0.940001694832762
"1343",0.981363914633931,0.620998853520854,0.560354524944017
"1344",0.795180236182739,0.667009821208168,0.31862819252142
"1345",0.995743093563928,0.667680725552123,0.248168393777228
"1346",0.922132679452857,0.998879076021943,0.707105113849995
"1347",0.836159292304357,0.998832212929154,0.554429048641186
"1348",0.91107288366951,0.999450362437442,0.248880768502542
"1349",0.53970929090508,0.333833939394789,0.641340736215242
"1350",0.533426216697183,0.912210482969216,0.948674740916752
"1351",0.857050416204527,0.666939958414442,0.507195511501422
"1352",0.339911920685768,0.410934417640955,0.888086239485756
"1353",0.40397059362079,0.665005888895052,0.984276081825376
"1354",0.523442151778549,0.0408075973949602,0.615062831325431
"1355",0.792082518329735,0.49618462869714,0.589131080825735
"1356",0.507742983172129,0.873082223517197,0.989402994937363
"1357",0.957111448002522,0.828166476910832,0.975457019663598
"1358",0.544719768879341,0.831196460870368,0.777016169058649
"1359",0.492659854842926,0.580405605584132,0.700034107686347
"1360",0.0846565604047938,0.996229465623545,0.885968901421673
"1361",0.0435344260796697,0.703539285770471,0.549878723432348
"1362",0.432933153082081,0.865704962990514,0.938301510951578
"1363",0.92446435724274,0.129551580514757,0.556435110262524
"1364",0.109396292608309,0.000491689403755733,0.707546440048823
"1365",0.759344357726466,0.793443926808337,0.298874666190485
"1366",0.478844146147598,0.506218617400182,0.778663666188843
"1367",0.341694097763816,0.664924209597331,0.909944843223235
"1368",0.471196876750048,0.8273114670769,0.560873869561131
"1369",0.905355059706483,0.753947605228271,0.995219996684547
"1370",0.718546958808252,0.746179453762862,0.995805666444967
"1371",0.492634699669995,0.584335437152297,0.721046498679664
"1372",0.252713005664676,0.464130390117296,0.896459262581087
"1373",0.421657954664483,0.877330482091467,0.58004055890486
"1374",0.569328878589039,0.578918930926362,0.264720109310592
"1375",0.418076840823744,0.626415309366988,0.703668276832337
"1376",0.899694000020229,0.295436141947894,0.971735102451975
"1377",0.555669505716445,0.665717581655794,0.775819702172053
"1378",0.227417471270316,0.333024576203821,0.572305857253766
"1379",0.979077045045874,0.539250217798487,0.91703835321841
"1380",0.681341037906366,0.666114374103379,0.749593009923446
"1381",0.260814996071452,0.206046838625182,0.999714442718651
"1382",0.541616518786713,0.665386311345692,0.996708977312769
"1383",0.788772839729113,0.334083016464409,0.997555636344392
"1384",0.561990931123685,0.213188300194347,0.973117626898118
"1385",0.872815931600524,0.872674164869416,0.366260244019007
"1386",0.827288578398226,0.412212805829157,0.984232525819843
"1387",0.196467010778367,0.996734049869356,0.747498099465003
"1388",0.975827336632272,0.286188525443528,0.939457669436563
"1389",0.447257974903599,0.00113963988643304,0.955202701081071
"1390",0.908422458715524,0.998461843393963,0.994050244706475
"1391",0.658185600539469,0.912542690856502,0.969515106235543
"1392",0.403788229598735,0.583950290717118,0.819070955138335
"1393",0.41966852974881,0.791753569593174,0.839157546539194
"1394",0.733996847495164,0.958991299107852,0.96907189506092
"1395",0.120414103441954,0.911283654879184,0.748304647385403
"1396",0.194513987716788,0.903975357035294,0.970917922400104
"1397",0.725017865621836,0.248676803974104,0.991728831572717
"1398",0.866155711609353,0.499909074615471,0.928446064092034
"1399",0.973013131315377,0.953055758843814,0.509966300073304
"1400",0.985921932450151,0.953174089011736,0.448341046529312
"1401",0.395001998011846,0.665775831871317,0.379712809872848
"1402",0.226949906119642,0.332850190185151,0.703762240463274
"1403",0.995787466648432,0.878457029776918,0.981524198431795
"1404",0.957158850035086,0.785894426751909,0.975657551306702
"1405",0.34297147439649,0.66500308143679,0.852823632540821
"1406",0.544192068308174,0.791905943156138,0.996100805940819
"1407",0.564260972901919,0.459980948228174,0.971939401440254
"1408",0.419583304836117,0.665796953172639,0.417498976134897
"1409",0.415587326730679,0.498544198608448,0.978612635544763
"1410",0.613101098840858,0.287379955951653,0.972615281193268
"1411",0.54238970797926,0.580473969029548,0.757004773524114
"1412",0.984016314448213,0.828808650084078,0.546521163736191
"1413",0.983980962080875,0.952450172580911,0.994046696948111
"1414",0.424132044290481,0.997968728147736,0.308094117909544
"1415",0.98097573121987,0.588243626897989,0.554091624065284
"1416",0.971871184399169,0.998644991768091,0.993862979516926
"1417",0.980601173404643,0.66672951736637,0.937637167770163
"1418",0.984560929535898,0.998681621442917,0.993825526479017
"1419",0.968750183291428,0.667005715003373,0.701857854672076
"1420",0.264223491881379,0.294331267340307,0.41945255794318
"1421",0.984560929535898,0.998681621442917,0.993825526479017
"1422",0.65592821173412,0.710997684338305,0.964058963542941
"1423",0.982110048300819,0.787007770908971,0.937061758640389
"1424",0.608333811312254,0.912398790816809,0.969662240865253
"1425",0.338736260509449,0.333345787442371,0.572066047074512
"1426",0.542810432857039,0.66546580936474,0.938929281443495
"1427",0.967618741281163,0.581748801167823,0.719752139036192
"1428",0.852393866795034,0.288712833387255,0.48407401367093
"1429",0.659624773648476,0.997914378004505,0.865101933148722
"1430",0.839831530838681,0.334646991619285,0.680922252391702
"1431",0.905458317379507,0.66688107002934,0.657943847060962
"1432",0.735129462906344,0.959413726425103,0.650636003707001
"1433",0.854880324398492,0.620237377386696,0.861851519591396
"1434",0.614524976208709,0.333896096176902,0.757963396076926
"1435",0.696688052986967,0.912936085755757,0.754973244610482
"1436",0.673139863367054,0.998227078450993,0.657142135629054
"1437",0.980187330739231,0.627755384442006,0.916614945998743
"1438",0.960163183346601,0.998974519498159,0.71788215712296
"1439",0.722126693596928,0.998415865959867,0.620999957918874
"1440",0.985241562239911,0.998935474466946,0.802464999642045
"1441",0.217586375005746,0.544722008632804,0.584257592575085
"1442",0.738754023106519,0.33393863429059,0.997703263945655
"1443",0.889163412618239,0.334688855725018,0.75715281685256
"1444",0.70749755369492,0.712676322309172,0.554304333296564
"1445",0.231559894889493,0.665044809087472,0.577137079406274
"1446",0.380858362155671,0.587527324326898,0.536599408619228
"1447",0.981860706449107,0.706019064256077,0.720892741653195
"1448",0.447071281495605,0.877538291877966,0.477822348943178
"1449",0.980204557854601,0.574551311998008,0.723471550533377
"1450",0.580712669500547,0.58083047842029,0.570091601651071
"1451",0.560152087869157,0.997864682190496,0.68501503171837
"1452",0.97188857151748,0.913816552419092,0.688762870585381
"1453",0.792576282721533,0.627218850883554,0.913357687121407
"1454",0.394332954815701,0.830516472762433,0.964260090814559
"1455",0.221671013879966,0.996558114438055,0.936351117899972
"1456",0.418820127766146,0.704332097465679,0.769441406900959
"1457",0.565410969456664,0.412804941078451,0.713455075132801
"1458",0.417523930373815,0.626209092432503,0.859119571441399
"1459",0.521162673327241,0.997411597410275,0.943836621807737
"1460",0.719146022906571,0.666828927704019,0.289540803839695
"1461",0.692656798058955,0.665822297746971,0.996263190794243
"1462",0.580001147747262,0.619384888402843,0.907511091399428
"1463",0.382661367102444,0.791764181875578,0.750051457037254
"1464",0.582862987294835,0.912291467063605,0.995415715219245
"1465",0.98026276640274,0.627783519398185,0.895406138037721
"1466",0.683519423940946,0.912598918004377,0.982279484298811
"1467",0.602633778885164,0.411796865040254,0.808237333230429
"1468",0.554354113794798,0.573044714622585,0.935434405838992
"1469",0.667948929627806,0.672056877849679,0.94494990317901
"1470",0.976904428410982,0.334875507566279,0.807502979603918
"1471",0.483553129856263,0.904955154634578,0.859552200357725
"1472",0.543739340298192,0.739512614045335,0.938575042782815
"1473",0.539431328597866,0.333730268836738,0.719490101116012
"1474",0.981485595300137,0.667059376879974,0.688981117495079
"1475",0.370690002408648,0.996943448679481,0.969959031775514
"1476",0.985755741173398,0.999127245853169,0.657903107419677
"1477",0.980111895075722,0.627727249485827,0.937823753959764
"1478",0.984231485258909,0.95973896626859,0.949074618181815
"1479",0.802882693845509,0.460635942704498,0.99691342214947
"1480",0.980996316971216,0.628057108999431,0.68916770368468
"1481",0.982690015755842,0.833239219770976,0.936840588171294
"1482",0.435747660085831,0.90554270778123,0.308498752559724
"1483",0.626299701523146,0.333681629989144,0.946678568850998
"1484",0.9945848642115,0.620247583789708,0.407479136767098
"1485",0.962960702833812,0.288356044937007,0.997260989820093
"1486",0.991352160792121,0.335567807142899,0.313205754328146
"1487",0.987120967656755,0.999636429248621,0.274068393679484
"1488",0.985704312346794,0.91427314047958,0.372150666321353
"1489",0.46682780629482,0.580071685279331,0.897140969914123
"1490",0.690870651447437,0.454396370789681,0.752608656435795
"1491",0.717635740193991,0.705085426810709,0.85153269083899
"1492",0.400669572799778,0.286948597195228,0.835101460397666
"1493",0.98474359702382,0.998749750250021,0.94246838992267
"1494",0.41970846274445,0.826649033233369,0.951364834318175
"1495",0.97969006328417,0.574359422889859,0.868122184380336
"1496",0.860151558156486,0.998571828384394,0.804784056729675
"1497",0.413447939894034,0.333033420446724,0.972985087043486
"1498",0.756536504464396,0.666410048468659,0.689645041532643
"1499",0.641919033731322,0.460797540605454,0.52164516512164
"1500",0.00203074783198758,0.497384244663394,0.954154924800493
"1501",0.520511721707485,0.666479763191075,0.119799647261846
"1502",0.51698249339895,0.419401225074306,0.335409813031519
"1503",0.860071543171143,0.998663916038726,0.734650221566937
"1504",0.556716009348516,0.62630208787506,0.340730435721226
"1505",0.50234576431316,0.334139245029799,0.32757691805271
"1506",0.0593684038752968,0.996190270677445,0.860365239219319
"1507",0.383143238987701,0.666019073418483,0.168953086894521
"1508",0.952965284647446,0.335339448846332,0.402623105603114
"1509",0.590895702326105,0.334291864473602,0.405552853312703
"1510",0.955661312243417,0.701700794816771,0.937544421374904
"1511",0.579847685020371,0.539417962158882,0.667874873479523
"1512",0.706773027299905,0.66681856291743,0.270318597975967
"1513",0.416692933364409,0.671264011524891,0.997048067927762
"1514",0.605056185116191,0.412700340796778,0.127175536097338
"1515",0.479392709160161,0.419256352615353,0.363148917068345
"1516",0.987415459318309,0.999746264697897,0.19127178521238
"1517",0.92053223639723,0.952267024206783,0.99423396213766
"1518",0.908138681310515,0.959536220421412,0.936460052270186
"1519",0.243549328181977,0.749868972778124,0.911779772190334
"1520",0.747805626197125,0.998387004652133,0.699161453260947
"1521",0.306438302643266,0.66558802284994,0.328440121611234
"1522",0.93123866250635,0.70558788520722,0.937597716210271
"1523",0.556085415550433,0.66587270198495,0.658886259980251
"1524",0.982532007648091,0.752284577521635,0.694993002905927
"1525",0.697944047720727,0.872314623148084,0.256441209525338
"1526",0.441897353783372,0.587147456318711,0.958856128733654
"1527",0.78970203923479,0.334491389961543,0.689350901911762
"1528",0.561961268218214,0.998417514849333,0.268992393591408
"1529",0.599180549564459,0.998332330240904,0.415215297617718
"1530",0.617356327347435,0.454605775271768,0.432531960552135
"1531",0.444901263291707,0.627179468743184,0.181883843873188
"1532",0.50113802057004,0.333261192305337,0.991984998951585
"1533",0.678923532376257,0.619595132091989,0.964425309060999
"1534",0.332951271904205,0.785983269729003,0.293743179691546
"1535",0.430504721451978,0.580461062384368,0.521786926973679
"1536",0.717168577626368,0.494059564385168,0.306839318514445
"1537",0.89632010776348,0.913473634684817,0.783784582210959
"1538",0.984774975239769,0.788001698703331,0.18781503568249
"1539",0.871335999253912,0.906138679850817,0.809659677361567
"1540",0.719585333438654,0.666657042623033,0.421083251151864
"1541",0.557051806550296,0.750916068273592,0.802861700158825
"1542",0.959683236522709,0.913960591376087,0.552607955222858
"1543",0.531826070794574,0.665911544570811,0.576250861413082
"1544",0.962706981778992,0.129726137830554,0.5075742347818
"1545",0.836564774584152,0.998953385584279,0.463262676630693
"1546",0.972816539973207,0.998997577486993,0.728075368034786
"1547",0.608341625701141,0.831505994761421,0.681193504234464
"1548",0.868296273289021,0.666773799664472,0.658053528652762
"1549",0.549215113018367,0.998329787576773,0.307724942574306
"1550",0.554945629061757,0.580490745397636,0.771756726099136
"1551",0.980601173404643,0.66672951736637,0.937637167770163
"1552",0.959665849404399,0.998789030725086,0.857708064154403
"1553",0.974965039387843,0.00367693222412969,0.183286502448993
"1554",0.752790199485999,0.454253048605123,0.997090881220878
"1555",0.558094162645513,0.912262221389539,0.963390945561334
"1556",0.533313819755006,0.831364724139726,0.624208763126471
"1557",0.266499629129225,0.573157041924381,0.972276884808979
"1558",0.972487148839389,0.914039801555353,0.520472291837232
"1559",0.980395672480731,0.666652872458378,0.995413946396053
"1560",0.282098676608778,0.665353062142782,0.453636127822211
