"","desconfia","promercado","antidemocr"
"1",0.837438354584469,0.868897532952738,0.0680495432081695
"2",0.456413278267526,0.945531821740538,0.112626232641455
"3",0.635772751977462,0.941027203766317,0.204973090463609
"4",0.511666198924231,0.92565446482547,0.107240409506833
"5",0.730808742816245,0.902282575558796,0.272108232624373
"6",0.511261224201654,0.969960871185131,0.101846797959181
"7",0.513540989989202,0.720542268598745,0.132209609246307
"8",0.506132701445065,0.907339464364439,0.303330782556599
"9",0.992709110441153,0.53659691221161,0.204139338208045
"10",0.980098717323854,0.668822946478075,0.575764504739907
"11",0.987698771783882,0.46104553115373,0.407197344805586
"12",0.992462540065412,0.667461376528641,0.155918148951472
"13",0.988605462437558,0.36184871143958,0.419273005105305
"14",0.994592196798075,0.501493216109673,0.155288678629211
"15",0.981819992838606,0.480506174684943,0.598689124414878
"16",0.987048916679745,0.703059213995254,0.32461198142362
"17",0.892243414737004,0.898018516882049,0.0566989389344789
"18",0.993221091546049,0.755387826301524,0.0920904946212908
"19",0.987199025734631,0.619608771827836,0.355604263033005
"20",0.664121875758315,0.656322022198925,0.311820659827625
"21",0.670542590882208,0.68145899750778,0.0826093292613557
"22",0.669510116489492,0.41572449733544,0.232663308600796
"23",0.996215782071383,0.427752623559639,0.131974952832164
"24",0.857902522521395,0.793351676456411,0.352554675141981
"25",0.421292802730814,0.787184612917219,0.780555660983229
"26",0.457085204203765,0.391216457657224,0.651892370571304
"27",0.860734453171638,0.416495570271599,0.419264504339055
"28",0.850270515442564,0.447943287707304,0.761490861024991
"29",0.532806071223437,0.458885020558267,0.632834738780198
"30",0.79041342327242,0.536532992867831,0.393716681846597
"31",0.79022165735653,0.557513212426482,0.391162668470626
"32",0.789506732618744,0.635729812581981,0.381641021546879
"33",0.886415780375551,0.637079276170434,0.367739490022627
"34",0.734275254852836,0.65326120225469,0.387312429477209
"35",0.734545238001221,0.623723598014916,0.390908170508977
"36",0.88809417010871,0.45345443886202,0.390092940106181
"37",0.666970632727356,0.968362031606003,0.0799738639430817
"38",0.0812611271899659,0.927580855867219,0.446118573882714
"39",0.592655258907748,0.258711018980428,0.423770645144363
"40",0.600338797215264,0.881846754075231,0.518323430821654
"41",0.742674081041019,0.632898268897787,0.110516015503662
"42",0.74196112618508,0.814787696372902,0.0560833355594014
"43",0.85588617873723,0.598017886655537,0.50561333762942
"44",0.670407599308016,0.696227799627667,0.0808114587454718
"45",0.994072977739874,0.766075251345753,0.0584989790404081
"46",0.737947614092238,0.526289800646087,0.317354736401643
"47",0.789860290532881,0.0772277252399368,0.611200229266424
"48",0.837605017733535,0.679747641151998,0.144199567386688
"49",0.931894219532844,0.74905102857263,0.315361785534115
"50",0.793922300519395,0.880240646877788,0.1257243570052
"51",0.659395644544433,0.898592669289538,0.367742474280602
"52",0.857866955335595,0.448338011310503,0.503001023522605
"53",0.655391656664128,0.712941116594026,0.584203453629368
"54",0.722782043656857,0.887382843897681,0.0820262324206146
"55",0.65996168914792,0.836664354207972,0.375281277419795
"56",0.772167457261316,0.400994590765008,0.155613479029672
"57",0.980933100390577,0.889201993403893,0.452065338322288
"58",0.990839695753363,0.912036953491776,0.105311403903174
"59",0.93758952785418,0.920579104724856,0.0474961332305449
"60",0.994824462849149,0.616831043900363,0.0975006218533657
"61",0.716412726497482,0.685706606096622,0.385852440412368
"62",0.666437208731664,0.751917084758448,0.191737122734127
"63",0.907393619411553,0.847167145928854,0.511225215791943
"64",0.857618650812905,0.824408763650231,0.348773960841543
"65",0.660968039924887,0.72656418257034,0.388684250171019
"66",0.732067380887679,0.82778674735478,0.386900172143673
"67",0.668145336647569,0.735954780332463,0.140556298295082
"68",0.931737785067856,0.766165797934876,0.313278330222523
"69",0.652096304601226,0.82845374082074,0.646297444993926
"70",0.88483241534976,0.810307900915026,0.34665161611063
"71",0.94356938469231,0.162462356209783,0.172075471145767
"72",0.98902217580873,0.805911919302245,0.213021443733391
"73",0.669461637439744,0.591944414898992,0.158087306422401
"74",0.741402635912284,0.875889527166156,0.0486451439472465
"75",0.721850503617052,0.922270613120366,0.0986126888700698
"76",0.659538190449316,0.882997382881339,0.369640956323524
"77",0.985330839967428,0.927886656014516,0.285785766552966
"78",0.932627668246657,0.668807806103424,0.325130142006482
"79",0.989368902714811,0.553128643603426,0.3105731930017
"80",0.985706817468518,0.886752701185527,0.290793181777872
"81",0.767670284476761,0.789121066891087,0.14065564386306
"82",0.864117303281626,0.804158339123181,0.136544828373841
"83",0.758141486381234,0.802875353526947,0.333366815130984
"84",0.994671688260188,0.804461452747057,0.0215355709435177
"85",0.716725387355796,0.926304224033499,0.271148971922605
"86",0.812749168505799,0.333769596619154,0.544237838491721
"87",0.733422673006783,0.850426571209352,0.331020142737115
"88",0.755545905085704,0.463136567762794,0.568585503531535
"89",0.555663241131763,0.44409153173544,0.684317655548608
"90",0.73654405981436,0.338014066222792,0.44652233078218
"91",0.791187092233751,0.555777802593183,0.359083438609919
"92",0.585852801222843,0.477853703893143,0.590826489297371
"93",0.88005090820623,0.464704562079392,0.658740067573011
"94",0.792540930093573,0.860453929625235,0.1812570653361
"95",0.659124684699891,0.408416173773898,0.588984110539183
"96",0.719018300742191,0.504531154079966,0.375617227323746
"97",0.774599983129997,0.677357449185255,0.870543095428229
"98",0.784895043273948,0.449536352359268,0.619001465989865
"99",0.710374594172448,0.722601363918732,0.575221889462978
"100",0.992202822090824,0.970680308212818,0.0335915155808826
"101",0.725094195483181,0,0.887245822403217
"102",0.430745353475694,0.885660538282098,0.541891729038995
"103",0.768141024485214,0.700758949218559,0.162869341273468
"104",0.609112634604583,0.864389027560233,0.227517996875928
"105",0.65996168914792,0.836664354207972,0.375281277419795
"106",0.561499170785165,0.875039272571843,0.299457245142152
"107",0.789814017099878,0.705999585465418,0.340796287622512
"108",0.739414042783222,0.989563936519785,0.0670975525409701
"109",0.761367753452186,0.751054117345043,0.371440996429453
"110",0.402117019867379,0.888868502621053,0.566301382085545
"111",0.668370508285282,0.295387183070261,0.323468338758178
"112",0.995875398221201,0.50185307847194,0.111497389657691
"113",0.880022186767329,0.295152776949235,0.410712862932016
"114",0.333738979786203,0.422893321600676,0.633321878836879
"115",0.779764030064303,0.880663080017742,0.481628792322146
"116",0.942086700638735,0.532452628598777,0.0624539683971572
"117",0.857869160952341,0.900889953972432,0.307173084057088
"118",0.667761804815789,0.777915219449765,0.135448271543139
"119",0.666153337023174,0.782974171952268,0.187956408433689
"120",0.554485591789808,0.743848734533473,0.594702922338917
"121",0.733286653897344,0.455008056746375,0.411843607072422
"122",0.530819414782928,0.540740546812373,0.57014308430588
"123",0.428819528754964,0.691318064664961,0.566074615619688
"124",0.980683539284064,0.708728630833425,0.538616123374345
"125",0.0004754207334054,0.638680023000168,0.858471160524036
"126",0.861460592116142,0.507968125312235,0.355005167191584
"127",0.892764603677052,0.737109308965585,0.108577605502768
"128",0.931233150221988,0.821375556218018,0.306557406223366
"129",0.986372522195297,0.813921034180479,0.299659297368569
"130",0.8252953037996,0.779077760341944,0.519829296734749
"131",0.935554642448192,0.972290430829379,0.0943250737777343
"132",0.987495809307069,0.067318101924555,0.584407327892463
"133",0.431583743081407,0.945579785947989,0.362094918377141
"134",0.987030672591384,0.741915851463743,0.308424801432228
"135",0.985763310766287,0.152974389992457,0.606270504249283
"136",0.794744168642808,0.686435523884806,0.181607586389688
"137",0.939079775057757,0.482733676576643,0.186211435545619
"138",0.992947701902331,0.718270412807473,0.117442455134406
"139",0.986473835823048,0.424144044538931,0.464813508448079
"140",0.892415974834459,0.281775508335967,0.442757919833252
"141",0.689469108032429,0.571625405932335,0.403706717244679
"142",0.779390768120551,0.91972192329293,0.155082523395331
"143",0.927035426543946,0.553031395761541,0.565375405216674
"144",0.859154748021875,0.76023983450064,0.324295034828802
"145",0.619751753989991,0.167028018211084,0.762223648978922
"146",0.983443578111915,0.406765582134908,0.57537539861783
"147",0.726327000011929,0.899133606499931,0.551242120723965
"148",0.54810126901343,0.400907956592953,0.637799767808202
"149",0.756829539961052,0.218811685846452,0.630618722894937
"150",0.986237530621104,0.828689836300365,0.297861426852685
"151",0.66438356361475,0.456775917834363,0.3892362601777
"152",0.993356064276318,0.0498840807070489,0.392668838734552
"153",0.660304305079956,0.903068676895003,0.334907101559808
"154",0.659395644544433,0.898592669289538,0.367742474280602
"155",0.109260316442992,0.926176951243422,0.442322801134677
"156",0.859154748021875,0.76023983450064,0.324295034828802
"157",0.788775253786779,0.819645862370803,0.326961632053998
"158",0.985706817468518,0.886752701185527,0.290793181777872
"159",0.875769939673365,0.864259755005443,0.309142506433397
"160",0.930909311646674,0.856805232967903,0.3022443975786
"161",0.801934677126905,0.891445633526978,0.348418851352856
"162",0.727519532255942,0.872552526911576,0.522187462303609
"163",0.929563272671753,0.833153065518945,0.35824766397388
"164",0.876659822852167,0.766901763173991,0.320994318217356
"165",0.875513845085086,0.89227787629117,0.3057317386703
"166",0.783263428246985,0.945341692994746,0.365181077017543
"167",0.846252666665389,0.88751748996952,0.707979581547134
"168",0.137287716808001,0.926948308677503,0.406099507511413
"169",0.653770041272667,0.890354536463676,0.562606146405902
"170",0.997114177433109,0.1585473037207,0.21787047245019
"171",0.924785615830118,0.628256703098081,0.609341886559324
"172",0.785243984616085,0.582276347851472,0.549718463832084
"173",0.478073643854552,0.525705963555762,0.600215426162134
"174",0.812782548918778,0.916966262577722,0.290838955979237
"175",0.629809397196294,0.76721784875434,0.388098938667369
"176",0.610398700435371,0.857741942221825,0.186660182816243
"177",0.652360074423835,0.743462788288626,0.548722160953959
"178",0.977120878426163,0.68257022114973,0.671080331047025
"179",0.585125212901247,0.835743854507235,0.107890307844667
"180",0.88562337936653,0.894688245420157,0.283255644597739
"181",0.832588073778495,0.501030572134162,0.392106870724795
"182",0.618592573070742,0.850868305154478,0.733346932714744
"183",0.858239716767219,0.31074037567801,0.549843507013711
"184",0.767644206170043,0.791974173493106,0.140308322787403
"185",0.628072060697986,0.639993871258729,0.597050315236772
"186",0.862316120540199,0.934189683432603,0.141549043620816
"187",0.979115779319531,0.880249978192963,0.517736083763878
"188",0.732974812502614,0.89942491205373,0.325055361598047
"189",0.755912473205514,0.724181732202889,0.568573097135015
"190",0.985939499284154,0.757407719822543,0.338829397765774
"191",0.66393862202535,0.505454913750089,0.383310354285721
"192",0.604771868243016,0.916665966489448,0.352514417116711
"193",0.653940364297761,0.871720284147384,0.564874574986165
"194",0.655286403272682,0.895372451596342,0.508871308590885
"195",0.985465831541621,0.913117853894629,0.28758363706885
"196",0.935600915881195,0.343518570603898,0.364729015421646
"197",0.925170168510824,0.793961263548663,0.52458897202315
"198",0.657412617020291,0.217032823560651,0.729987001019255
"199",0.932191021949206,0.887495302143938,0.245384376796195
"200",0.653031703762238,0.867244276541919,0.59770994770696
"201",0.767979954604303,0.718380857940465,0.160724149681927
"202",0.987862805888593,0.821792055915164,0.245577138477895
"203",0.599752538641568,0.878958879305671,0.539508480711584
"204",0.861829286354896,0.571519341397248,0.314978312407254
"205",0.932471233781668,0.68592257546567,0.323046686694889
"206",0.673165154378747,0.389086459783913,0.589372201649534
"207",0.833360637469808,0.92543432978248,0.307627134587811
"208",0.934508089069503,0.737884076680763,0.231306713127186
"209",0.661890589020515,0.729520707221759,0.356033850718894
"210",0.661663491653723,0.754366376976814,0.353009279278544
"211",0.736999266577558,0.56301639775147,0.333717344335338
"212",0.940031321374873,0.482517749697391,0.153947232416241
"213",0.790356648930722,0.542744410306595,0.39296053898651
"214",0.939294953746291,0.563080317095249,0.144140000696785
"215",0.832830071735006,0.74935909046385,0.276462286106274
"216",0.989735627071717,0.513007032368823,0.315457371237883
"217",0.545071987998453,0.903243593944345,0.523524280687605
"218",0.620005769175545,0.664658145537366,0.735309381076681
"219",0.883202381951405,0.949624403730107,0.0194754140529552
"220",0.986009204333724,0.920697663148907,0.265827417587503
"221",0.597952972912441,0.774887728003635,0.145715172616302
"222",0.863981362674511,0.922919313491336,0.0897970495903545
"223",0.989969565471177,0.940206165916036,0.122715739492666
"224",0.667125097310498,0.847574434924141,0.126968352275188
"225",0.647106580535069,0.944980484036436,0.170724406510323
"226",0.991464484580395,0.947570048291061,0.0686953168819408
"227",0.637235251864226,0.749414874394114,0.143281378598667
"228",0.740833672394027,0.938137187176375,0.0410674655609648
"229",0.66923943768888,0.653114895574105,0.139183765248052
"230",0.667262058766537,0.93647846012387,0.083855189770558
"231",0.662740505332493,0.636535304946372,0.367353368158526
"232",0.664653546763135,0.42723831359459,0.392832001209468
"233",0.561965126803649,0.330585519863245,0.644486518847888
"234",0.809948909430431,0.536244613123113,0.551880162957282
"235",0.658588378279149,0.638007021737894,0.507911032877391
"236",0.988833807568862,0.960575828065627,0.15252654077311
"237",0.941584984707636,0.587343041953267,0.0557719196450899
"238",0.889016562967242,0.757577739188137,0.352545956021354
"239",0.661992219025653,0.822290182617892,0.312450130149885
"240",0.661742449847476,0.916643976708792,0.280130536088995
"241",0.886466578296411,0.687654830671983,0.469504310147464
"242",0.864606368392519,0.616596580158346,0.201044529721495
"243",0.666654357302045,0.935936552596669,0.10475465486478
"244",0.991106732323743,0.259112422176973,0.378655555245804
"245",0.986190705075817,0.626036116145852,0.387112323302296
"246",0.93775591111558,0.694599197769334,0.139586627851836
"247",0.992142107985432,0.769546071012351,0.122657438761823
"248",0.99387194099214,0.788069749623725,0.0558214931045396
"249",0.992817065856394,0.695702060412917,0.131646791341242
"250",0.992817065856394,0.695702060412917,0.131646791341242
"251",0.848132376540439,0.207840551824505,0.115707663787954
"252",0.660815545223593,0.951024606571816,0.296778728818399
"253",0.663748825991306,0.630107960628356,0.335845307889235
"254",0.66726008888469,0.832805632804255,0.128766222791072
"255",0.742039343417575,0.806230311691779,0.0571250632151975
"256",0.751758376270324,0.621980621674795,0.754041794874395
"257",0.506532556736685,0.756221114272993,0.707971748239243
"258",0.659925128776431,0.907691961497862,0.345801281530585
"259",0.898214820046088,0.271060043916885,0.250201551535305
"260",0.663288357303422,0.944774750515688,0.340762300324424
"261",0.812274592934295,0.762605429535889,0.052537358485395
"262",0.993784470615462,0.797639477899234,0.0546565284600211
"263",0.998488942561162,0.0751683330132981,0.207187060859855
"264",0.837740009307727,0.664978839032111,0.145997437902572
"265",0.769498566373832,0.863901615547529,0.0461378084036251
"266",0.862337563430995,0.931843716190244,0.141834628416525
"267",0.672953408480255,0.209925938162277,0.204592077105393
"268",0.66784199193013,0.873030662088257,0.0915789661784213
"269",0.996886384414089,0.391245767474647,0.124962098688863
"270",0.662513407965701,0.661380974701428,0.364328796718175
"271",0.438142681193807,0.633034809070892,0.399617645746548
"272",0.918148974360497,0.850864528481923,0.143886996894058
"273",0.661604747430178,0.656904967095963,0.39716416943897
"274",0.84220732416216,0.856073055581199,0.0367955017533329
"275",0.73398116327958,0.789324740416098,0.33845833434927
"276",0.611060790595152,0.99308241414432,0.105603620838875
"277",0.93836319681551,0.939823914450208,0.0128628899938661
"278",0.939767663636591,0.578391026742337,0.12144266508668
"279",0.67127895851079,0.600896430109922,0.0924165609808115
"280",0.994149225090521,0.653845039345015,0.104451739716718
"281",0.665615060720585,0.908892192596648,0.151794363792411
"282",0.931509458780475,0.858173624783417,0.281244320957341
"283",0.894348222083536,0.667741305971616,0.0847315853613929
"284",0.99278078537257,0.80355968285759,0.0862263250092599
"285",0.415819248750842,0.397806095577758,0.217922391493585
"286",0.611948405160517,0.0644866363638822,0.477087409683497
"287",0.930912718142008,0.923460250701728,0.273296696033717
"288",0.881925027177129,0.881597180039629,0.0923376415580806
"289",0.672434189422054,0.474507973398357,0.10780237751659
"290",0.881989355849518,0.874559278312553,0.093194395945206
"291",0.984357569715587,0.202881656381822,0.63248556449796
"292",0.768693189347908,0.573321445620133,0.199216359183417
"293",0.664623827424313,0.950310724186749,0.167585802134689
"294",0.764958664044779,0.955553250483628,0.0355053882782989
"295",0.991883347863078,0.901744158977354,0.0742739016982634
"296",0.744716529597009,0.513331787034046,0.0927808745229374
"297",0.97869984377093,0.858727851107112,0.541189562234071
"298",0.671165409827394,0.61331926498745,0.090904275260636
"299",0.865196286842243,0.790000094412355,0.10597788423331
"300",0.655733531634904,0.608510454867957,0.617749748614725
"301",0.660096444987215,0.473016436745772,0.527996054380682
"302",0.73708940248831,0.449266702796685,0.379855078280319
"303",0.782857212446218,0.568597629988284,0.636798107679364
"304",0.912033338100992,0.443445383394575,0.528081533001477
"305",0.596037259261402,0.885842369019713,0.0680241638279702
"306",0.60059974411044,0.511465665297568,0.669659502017074
"307",0.753577038346286,0.574652804305073,0.587300635888108
"308",0.76607392808922,0.833537383328129,0.0503589104697494
"309",0.660925154143294,0.731256117055057,0.388113080579602
"310",0.82490347667587,0.651029699334457,0.588541129301113
"311",0.757298741247265,0.780293260375499,0.497161419070117
"312",0.983521795344409,0.398208197453786,0.576417126273626
"313",0.876155120295376,0.720008601456593,0.680784781649398
"314",1,0.221515574908675,0.092500108054515
"315",0.971881708255151,0.877070797869604,0.765107892779726
"316",0.922941022865222,0.444299522866031,0.75163912106323
"317",0.997852514943538,0.181657563642457,0.182766671149132
"318",0.938469191168215,0.928227563860993,0.0142745641870039
"319",0.929970677193507,0.335787577137696,0.559530951266997
"320",0.515930533656055,0.968039745737073,0.0692654440528401
"321",0.937446981949296,0.936174391133056,0.0455976511876234
"322",0.987457831166016,0.866098462274824,0.240183526930244
"323",0.983424105102965,0.512784376696883,0.530178780801608
"324",0.501250008102958,0.543018608813616,0.626956427255935
"325",0.552705851939177,0.871534111600536,0.599992722381601
"326",0.979965695631509,0.787264575917577,0.529055601203509
"327",0.74001371115577,0.856929294201916,0.104077240751109
"328",0.832531299436797,0.507241989572926,0.391350727864708
"329",0.813723254125759,0.832786075041085,0.567764308195899
"330",0.666345102939064,0.761993952393617,0.19051042180966
"331",0.984514285224505,0.913333780773882,0.319847840198228
"332",0.888195800113848,0.546223914258153,0.346509219537172
"333",0.863554185255956,0.108001759205666,0.456818797689717
"334",0.859183491862668,0.653206761219345,0.369615125204921
"335",0.333390779405324,0.460988310521572,0.628684410149315
"336",0.985995532664593,0.580361317970678,0.413506011471207
"337",0.662262202174038,0.792752578378119,0.316045871181653
"338",0.538351752919157,0.964080958955868,0.130886397931939
"339",0.993089018886626,0.769837283492759,0.0903314993524961
"340",0.660020433371466,0.934125764088823,0.331126387259369
"341",0.736878399298369,0.925144832259624,0.181187540643122
"342",0.661515352480684,0.941489646463848,0.277105964648644
"343",0.663696407177864,0.598982223552677,0.351091371751868
"344",0.667560768068054,0.799909717727736,0.13277078560727
"345",0.77804327512076,0.471558890012092,0.842471863932826
"346",0.979929135260019,0.858292183207467,0.499575605314299
"347",0.93672668083433,0.844063146235115,0.109934738829273
"348",0.6654371833648,0.928352929201253,0.14942532368511
"349",0.438371649165858,0.576385557696016,0.385808081249961
"350",0.6693780891391,0.808861732938666,0.0671000401656806
"351",0.92181947871971,0.87866749562835,0.601890152003252
"352",0.998456601841033,0.390371610097202,0.071944528486845
"353",0.86034069265578,0.630491131827396,0.340089908720185
"354",0.657775022338662,0.65996481672339,0.52607151132697
"355",0.996289643775622,0.456532393392959,0.11701447376524
"356",0.765832942162322,0.859902536037231,0.0471493657607277
"357",0.837132027955569,0.627606916350127,0.182837373439566
"358",0.863981362674511,0.922919313491336,0.0897970495903545
"359",0.655473813660317,0.911729386552134,0.495423115244136
"360",0.994629994909465,0.296274780255391,0.242771300382679
"361",0.610852184011093,0.880409751166531,0.0665927288996157
"362",0.939300583504166,0.837268783899313,0.0253473720780158
"363",0.738505382247699,0.98508792891432,0.0999329252617651
"364",0.00754308969246266,0.177104166804462,0.817789330484274
"365",0.990328726678081,0.967939710440652,0.0985061181623847
"366",0.57321467984272,0.725935423233035,0.0909322759692843
"367",0.67431749266995,0.0975484491641448,0.206815285090131
"368",0.941950434834923,0.235695809400157,0.195450933222763
"369",0.924832649068303,0.861054770760289,0.507044883760513
"370",0.535483522941167,0.758059744110765,0.317536576000261
"371",0.66164007888108,0.653039516899558,0.397634727503349
"372",0.661990249143806,0.718617355298277,0.357361163170399
"373",0.921907105163084,0.714509257903884,0.0750716430013251
"374",0.790218991822455,0.661693179105758,0.346189899170163
"375",0.978660336821435,0.306368531321972,0.781457976655722
"376",0.529429818748169,0.93215348973707,0.542931220796868
"377",0.734698057899212,0.814780967580214,0.303068948252504
"378",0.79247077241813,0.690140699088833,0.257312384807
"379",0.742722560090767,0.456678351334235,0.185092017682057
"380",0.876526521272155,0.848513377458711,0.290225885123731
"381",0.880362851661441,0.948619215791239,0.116469246495164
"382",0.770608941621656,0.638532266001066,0.1058634883685
"383",0.664339955715822,0.981367811380568,0.163805087834251
"384",0.335721962001313,0.725765388917571,0.434881625264547
"385",0.990684490208962,0.861989565760536,0.132237386416413
"386",0.441102059112163,1,0.140251072295664
"387",0.667354164559137,0.926401592488701,0.085081890695025
"388",0.985195848393236,0.942655458134403,0.283987896037082
"389",0.763709357459068,0.988345747510747,0.0638039038385674
"390",0.857422249481093,0.845896122568543,0.346158211185623
"391",0.764790943557068,0.491321692833587,0.242013766593644
"392",0.66044024568707,0.784307702526849,0.381654880343294
"393",0.669745509148234,0.560887327705172,0.16186802072284
"394",0.838021519162376,0.48253658485106,0.340709507035825
"395",0.668163164971369,0.941780952017648,0.0509192055227254
"396",0.993410887580092,0.630734779423258,0.139555541017776
"397",0.989999800432564,0.802842885820973,0.18110456167967
"398",0.991279794233943,0.833720749428016,0.124221679864405
"399",0.668163164971369,0.941780952017648,0.0509192055227254
"400",0.668821315367456,0.869775769300912,0.059684709586385
"401",0.6654371833648,0.928352929201253,0.14942532368511
"402",0.866502638838007,0.854854866572161,0.0335018530509302
"403",0.938469191168215,0.928227563860993,0.0142745641870039
"404",0.839148136004835,0.474061590808688,0.18069561739713
"405",0.940983608653247,0.653136807231239,0.0477625584415181
"406",0.76354631769631,0.902294828913038,0.10656974526754
"407",0.550186622194937,0.967384483719083,0.321855322821517
"408",0.717740945967915,0.436503930389488,0.448479454828872
"409",0.76145426597663,0.912505232788709,0.298662864766942
"410",0.568016687771459,0.848903188428293,0.21450133429997
"411",0.441642025408932,0.940924791520453,0.1474425543592
"412",0.939035235771703,0.866299248779426,0.0218133673261965
"413",0.659495304667723,0.887689317366057,0.369069786732107
"414",0.649782860867237,0.702864155885465,0.779290974270427
"415",0.99339338445299,0.840426401304848,0.0494478901810402
"416",0.656513114956008,0.662190823265638,0.245676056480454
"417",0.895024896455651,0.593709500941173,0.0937437989736718
"418",0.986199000367767,0.79604461627064,0.313292463983988
"419",0.668558886549763,0.898486889252373,0.0561895800816548
"420",0.309961719214784,0.461504131728074,0.257245360841897
"421",0.761185388098263,0.536883889105516,0.34491361663548
"422",0.989268546939293,0.7718847895258,0.219362078229219
"423",0.739045348544469,0.926012720434773,0.107124407325301
"424",0.664431825773524,0.622411828403086,0.315948695203721
"425",0.665202783891749,0.367148826395722,0.400146955832901
"426",0.66321518510464,0.755518841913076,0.299744999527906
"427",0.662910087396328,0.447066068216979,0.443542267584134
"428",0.993054708284649,0.981367733257047,0
"429",0.978342371401944,0.207100240147806,0.835209330155162
"430",0.668605395717664,0.618594144369206,0.175676615280564
"431",0.740833672394027,0.938137187176375,0.0410674655609648
"432",0.730799427610997,0.994517449765824,0.0355532240028066
"433",0.994431660185525,0.659805761736986,0.0922691225415255
"434",0.883343915826675,0.659335446283118,0.14022802542342
"435",0.991786886542223,0.949158181126966,0.0570449940510759
"436",0.717293401841131,0.968048736271548,0.233776742041284
"437",0.66334554126291,0.741257179152849,0.301481133763842
"438",0.866656154388226,0.838059442138567,0.0355464331154334
"439",0.649809680135214,0.870846033696547,0.705717824500739
"440",0.990367699161087,0.443854956254107,0.323875554225886
"441",0.465821035410031,0.853804323657877,0.154733935759162
"442",0.666743535360564,0.993207701361059,0.0769492925027308
"443",0.548083548059727,0.482547032707119,0.800064359047082
"444",0.667783247706585,0.775569252207406,0.135733856338847
"445",0.931566233122173,0.851962207344653,0.282000463817428
"446",0.660439296654148,0.888299874775117,0.336704972075691
"447",0.653486169564177,0.921411623657496,0.558825432105463
"448",0.992596835987377,0.860545368407645,0.0678322171463793
"449",0.937403075318779,0.73320132604989,0.134887422884323
"450",0.76453010146854,0.508964628966142,0.368621113920127
"451",0.762266341540727,0.626398471714305,0.269435639474435
"452",0.976706823297609,0.698082243159033,0.678450613660794
"453",0.991394779530826,0.784280104964697,0.141697297060212
"454",0.651430554565416,0.522597629413796,0.80123560256955
"455",0.853708955498022,0.39049734250689,0.669414175246635
"456",0.869149904302891,0.860929483543551,0.535699212096658
"457",0.604185609669321,0.913778091719888,0.373699467006641
"458",0.98666197835263,0.678364635378731,0.348451656216559
"459",0.863026409862062,0.856480222636764,0.151008954264615
"460",0.402486663139055,0.848427546457797,0.571224435568817
"461",0.729977175399275,0.603673187720586,0.554919313698036
"462",0.75372788836243,0.662037346550755,0.544372446652149
"463",0.9323613449743,0.868861049827646,0.247652805376458
"464",0.656826394936315,0.65986139867399,0.558374589703438
"465",0.918281760317944,0.383543783700107,0.341512806875458
"466",0.894577289332175,0.746568463536175,0.0428451237812301
"467",0.662011692034602,0.716271388055918,0.357646747966107
"468",0.935938174279973,0.930329991712077,0.0994331005296775
"469",0.639144418290133,0.501637427761135,0.633249598085786
"470",0.654754949158837,0.782600332068403,0.575723534361417
"471",0.663922808892428,0.781989347796512,0.264232140871243
"472",0.656093433803067,0.807078983805673,0.519619656439099
"473",0.797420678023552,0.590675994061168,0.632017641267861
"474",0.48300373984416,0.892251608434218,0.501518032326203
"475",0.38466804612845,0.807263092096377,0.277767324971226
"476",0.535702385669889,0.522516521773344,0.537347989278591
"477",0.887548463126001,0.918195734624193,0.332993228862391
"478",0.781728800802931,0.86296796451093,0.547839141373898
"479",0.995856620864479,0.400019079035023,0.156184574162445
"480",0.994408943065109,0.350626107660838,0.226778373087307
"481",0.986298164084009,0.896156723805465,0.266616528875262
"482",0.248834439900018,0.632370177017946,0.84479269070368
"483",0.981061486667,0.771267503324052,0.498712505578737
"484",0.859723458159438,0.594131552739798,0.376806607268457
"485",0.981358243774331,0.531023998483367,0.592539370007138
"486",0.668994557307319,0.850822172055968,0.0619920134137373
"487",0.891538326711302,0.756487654931438,0.267264182689958
"488",0.755348398483874,0.889782874604071,0.516123260975309
"489",0.866616187521402,0.842432031694633,0.0350141387711057
"490",0.666966692963662,0.761016376966772,0.169795929984109
"491",0.973779849096074,0.394599618433078,0.909255681889542
"492",0.59892964966923,0.86509900273077,0.573486192615213
"493",0.831243046833188,0.752072075723994,0.329256007792532
"494",0.884837772883017,0.289900802493878,0.571573355142611
"495",0.686399112503048,0.704976331411711,0.355579800188172
"496",0.610328759650903,0.345572883553148,0.410579069439517
"497",0.734022079179326,0.680959978611765,0.383940536961201
"498",0.853105392670811,0.694474108597521,0.558452279911203
"499",0.887686529852058,0.601940811900956,0.339726559258067
"500",0.733832283145282,0.805613025490031,0.336475490564716
"501",0.665606765428636,0.73888369247186,0.225614223110718
"502",0.980046831778773,0.778387846307802,0.530136204106394
"503",0.661288255113892,0.966335316218904,0.274081393208293
"504",0.662196915649415,0.970811323824369,0.241246020487498
"505",0.980955492314295,0.782863853913267,0.497300831385599
"506",0.666512760430084,0.847539666756601,0.147806081089461
"507",0.981449653914703,0.72879992484709,0.503882268610629
"508",0.894275441882102,0.805937483248602,0.152798105659872
"509",0.794870648034075,0.843514049772405,0.109361749071504
"510",0.982118765136815,0.722623275575866,0.483800682656444
"511",0.99154270181289,0.939012663609938,0.069737044537737
"512",0.662033875886657,0.88476040522666,0.284011861916471
"513",0.864070061971778,0.846187428122342,0.119971452059704
"514",0.742361212111041,0.667127807622278,0.106349104880478
"515",0.986719493655587,0.842988202353067,0.275287328231302
"516",0.992542727179754,0.762576819167133,0.112048843586754
"517",0.514462320794859,0.647867042760598,0.580028377491396
"518",0.661606717312025,0.760577794415578,0.352253136418456
"519",0.860872146769624,0.743263251355335,0.273237682949654
"520",0.663158410762942,0.761730259351839,0.298988856667819
"521",0.988495853517856,0.581617200956339,0.327938653344102
"522",0.987257769958176,0.717070181708687,0.311449372872579
"523",0.989465643923333,0.542544636608597,0.311861630206115
"524",0.989772928404466,0.612814409492034,0.271016896281749
"525",0.988035794447762,0.698977836919596,0.292818336358621
"526",0.987214143215325,0.550927131780304,0.384798674126507
"527",0.893346506722492,0.777334338249587,0.0713903488901179
"528",0.661741708886217,0.745808992295692,0.35405100693434
"529",0.663816561159029,0.689725076635104,0.307754360731478
"530",0.668613691009614,0.788602644493994,0.101856755962256
"531",0.46920319753084,0.691554336437921,0.109904354680951
"532",0.667095359127751,0.679911902041712,0.200502626797787
"533",0.670599365223906,0.675247580069016,0.0833654721214435
"534",0.940905391420753,0.661694191912362,0.046720830785722
"535",0.6626055137583,0.651304107066259,0.365555497642642
"536",0.985426822527031,0.74646959973152,0.360994439031552
"537",0.668867120063818,0.864764489887542,0.060294754424891
"538",0.985426822527031,0.74646959973152,0.360994439031552
"539",0.985426822527031,0.74646959973152,0.360994439031552
"540",0.654569029891796,0.735913190298843,0.60224045951905
"541",0.594711224061651,0.769935793929753,0.758098135967467
"542",0.928327618911249,0.515546964249704,0.537648059247822
"543",0.827714696577263,0.514383216276011,0.552051714817707
"544",0.940673658638039,0.687047001027078,0.0436345230654226
"545",0.983595123780287,0.286297330381699,0.622331011702847
"546",0.652262687862625,0.602473833865217,0.738387939615217
"547",0.685011623768663,0.487900128718719,0.842238104796023
"548",0.348907234599582,0.648355255144394,0.614842678520991
"549",0.82174131119132,0.426483513201805,0.19835373859505
"550",0.65081603091218,0.760745862058915,0.719120797251962
"551",0.611060790595152,0.99308241414432,0.105603620838875
"552",0.660099599636882,0.821576207159433,0.377118023182768
"553",0.985728260359314,0.884406733943168,0.29107876657358
"554",0.999037484037548,0.222931639813321,0.124618213162311
"555",0.860515651096796,0.611349740151443,0.342420073580397
"556",0.992748381655749,0.740077116654436,0.114787830231396
"557",0.809368068437867,0.872818110003374,0.103701667240017
"558",0.993520080735233,0.655649099060173,0.125065620015231
"559",0.981953339727649,0.777582338812215,0.465653284342182
"560",0.839542212898079,0.742612494290573,0.0511322813674806
"561",0.97672441588651,0.555029299501904,0.73973042733344
"562",0.995693120028129,0.179963191178995,0.256930415993991
"563",0.993937967321758,0.0901091099910515,0.355481582121902
"564",0.651301888401327,0.603702104338856,0.770528905755872
"565",0.5541793281576,0.881243961217919,0.545686714975167
"566",0.841525760993429,0.826751378220678,0.0726554459144787
"567",0.995404116125076,0.516553230709968,0.121164868704001
"568",0.939142874809558,0.542857931943052,0.158058752107913
"569",0.992740818505747,0.807932272413655,0.0856940306649321
"570",0.662517067841729,0.831896614185877,0.290447201119919
"571",0.837288525417249,0.989177990274939,0.0211167911560118
"572",0.779332775488881,0.850301590242128,0.634795548232456
"573",0.865332018221431,0.255329398106045,0.332635993072401
"574",0.670062317841906,0.734003443619912,0.076212865304997
"575",0.862890441591713,0.351534925001236,0.374048461039079
"576",0.661519229247687,0.770149457816022,0.351087936202763
"577",0.730087100696363,0.866451163241508,0.437515733810719
"578",0.768635719353982,0.787385657057788,0.108576414002353
"579",0.666763730486848,0.367288947737597,0.347005913070986
"580",0.672050657590273,0.516468412515658,0.102694350764646
"581",0.720621426516796,0.453924202903301,0.937838665366357
"582",0.544845107522636,0.586233435567126,0.668363276399629
"583",0.66223027721847,0.863273046308349,0.286627611572391
"584",0.778694603328103,0.638243847467676,0.748223097584677
"585",0.844673967068983,0.482320751045199,0.114584484189855
"586",0.741485172183314,0.384278538087692,0.258486539531511
"587",0.839969178745896,0.722245430893454,0.170791883438541
"588",0.763300313200809,0.814426109843278,0.278311974130297
"589",0.813325050977634,0.742830698031001,0.473082823141588
"590",0.991103353491645,0.81616367644683,0.137815971232736
"591",0.92131427565079,0.733235541553648,0.681976829999584
"592",0.992429919457616,0.945834638457762,0.0366160870212336
"593",0.659822062157806,0.851940295687519,0.373421670623963
"594",0.930596442716697,0.891034771692395,0.298077486955415
"595",0.860171110591944,0.819960368556788,0.263901009294577
"596",0.990723978314533,0.723613942071087,0.190749445592139
"597",0.975835464094835,0.793413612676778,0.666845511425455
"598",0.79502149805022,0.930898592018088,0.0664335598355453
"599",0.994783267061737,0.688365790549914,0.067958889684207
"600",0.992117999560561,0.876072004933986,0.0773990846656518
"601",0.670483846658663,0.583997587626929,0.126764219421782
"602",0.882792622303233,0.0679308011539969,0.737133188028621
"603",0.99387194099214,0.788069749623725,0.0558214931045396
"604",0.596510716808897,0.573061637455499,0.782064483298234
"605",0.647370985930545,0.521015765780187,0.939966628920254
"606",0.328964269522572,0.841383886254841,0.614667691111461
"607",0.572847130333712,0.727425759605826,0.925134753938249
"608",0.649393744586612,0.849323906610695,0.729171302970932
"609",0.775665819091767,0.835553671841575,0.765870707173682
"610",0.650608668754343,0.716404687531713,0.745352137613887
"611",0.734469731611832,0.906788794428755,0.271034938987322
"612",0.852234033468037,0.789805478115267,0.546847177675863
"613",0.666416225758197,0.197531142659602,0.432252246704398
"614",0.740926446175619,0.0965012535386322,0.401965254364359
"615",0.938469191168215,0.928227563860993,0.0142745641870039
"616",0.78011642305002,0.90387539524212,0.490132276662801
"617",0.98114405942775,0.725372964128486,0.515756439957254
"618",0.758684684092318,0.420886994981334,0.605494484614311
"619",0.990839695753363,0.912036953491776,0.105311403903174
"620",0.797785748875997,0.92942802054463,0.473074920876039
"621",0.859340667288916,0.8069269762702,0.297778109671169
"622",0.787083164342489,0.34419958666637,0.590157575949951
"623",0.843440518925224,0.617266592437887,0.0981569399982805
"624",0.938364614585073,0.212071161389829,0.327606695066875
"625",0.982559071310294,0.674451419019801,0.489664852268475
"626",0.991375306521877,0.890298899526671,0.0965006792439895
"627",0.992384322832918,0.676018761209763,0.154876421295675
"628",0.867140581581057,0.524078572548958,0.749732850607279
"629",0.818526388294828,0.792035773953985,0.744403158613455
"630",0.79673872171695,0.524353841072892,0.309260096921072
"631",0.654338055758002,0.932099048701725,0.52523391652458
"632",0.649113749645125,0.709040805156689,0.799372560224612
"633",0.649469034085026,0.908114538329131,0.701180967340212
"634",0.89508879782259,0.783979688263106,0.134637627210293
"635",0.657797206190717,0.828453833894132,0.452436625277334
"636",0.612913858881661,0.753486170005172,0.146227706225413
"637",0.939181405062895,0.575503151972777,0.14262771497661
"638",0.993054708284649,0.981367733257047,0
"639",0.821793928878349,0.554782269256085,0.141068380343791
"640",0.65612802429271,0.632378549196168,0.594010685348823
"641",0.997680267345628,0.475306767051126,0.0616050024230615
"642",0.937026148784767,0.878327453127147,0.0849300993918147
"643",0.883088833268009,0.962047238607635,0.0179631283327797
"644",0.792693207903892,0.977849333756034,0.125299019536346
"645",0.993154268921529,0.146062088163609,0.357928811252399
"646",0.990782921411665,0.91824837093054,0.104555261043087
"647",0.992429919457616,0.945834638457762,0.0366160870212336
"648",0.989611117562297,0.459601333800839,0.342792175535553
"649",0.995034472853401,0.556994186873223,0.116241815220729
"650",0.974189983304857,0.862476885259133,0.692926991719422
"651",0.692089785408462,0.877011546923597,0.0876524116046533
"652",0.994399735229957,0.730326229667216,0.0628508629322637
"653",0.648438791774163,0.782884815756123,0.790383207645193
"654",0.99314020877948,0.868125177661923,0.0460759976650323
"655",0.992242030308729,0.795474669368586,0.108044045199381
"656",0.793239014163189,0.648584446933295,0.154321833696559
"657",0.608183985437546,0.580222684019646,0.382014128668276
"658",0.614537444154969,0.679745577455137,0.122913980428365
"659",0.93372809469807,0.652303594150238,0.294848782661658
"660",0.740639195635031,0.684609595002309,0.157344956050852
"661",0.877650039404594,0.727372483831618,0.626764359038673
"662",0.749570716275375,0.861322356626012,0.724905684511736
"663",0.704460414093257,0.164719297344313,0.922807542166109
"664",0.975404907472588,0.729557666180152,0.709107826362377
"665",0.988853822665483,0.928218998938152,0.165841982132614
"666",0.994410912946956,0.454298934980453,0.181867340066793
"667",0.99471819742809,0.52456870786389,0.141022606142427
"668",0.669013081283347,0.848795549742261,0.0622387229623566
"669",0.980689132552219,0.537200647754591,0.612620955961324
"670",0.991483938745421,0.150816310254498,0.412672408295541
"671",0.989888446969709,0.704064401934121,0.22761814898141
"672",0.991953269803622,0.723178274171443,0.149135488672367
"673",0.981779076938861,0.588870936489276,0.553206921802947
"674",0.989173522231924,0.782281002089621,0.218096502057663
"675",0.668956306941649,0.855006967181025,0.0614825801022689
"676",0.653072383927085,0.410000399395272,0.794109056763893
"677",0.667080241647058,0.748593542089244,0.171308215704285
"678",0.980294639894414,0.51333255342638,0.636360019227225
"679",0.982287118280062,0.600316195939959,0.530980144257221
"680",0.595281208428833,0.915353133487417,0.675814873065632
"681",0.992657016824408,0.920988968702706,0.0396406584615845
"682",0.738991266201953,0.515997006131665,0.286317234196732
"683",0.740946480116164,0.754879367885746,0.116500222126485
"684",0.932159313884613,0.616159941941893,0.363829684339308
"685",0.994485515612454,0.653913689226874,0.0929863901545242
"686",0.700820143668468,0.592434146262667,0.634083876692577
"687",0.665087310635536,0.654586612365626,0.279741429966918
"688",0.987266282141101,0.5452228537012,0.385493080706646
"689",0.597589700369514,0.558903392744672,0.751497539157702
"690",0.98632569665001,0.611267314025965,0.38891019381818
"691",0.762075837157304,0.220792713887275,0.576728846538769
"692",0.751822165527581,0.521628738271912,0.669911331573247
"693",0.996463626676744,0.608413780561115,0.0454013067472471
"694",0.647837370410742,0.469990802622102,0.946178119607942
"695",0.786275184779182,0.536485226705306,0.534459319834134
"696",0.554894338252104,0.66011178747127,0.294679986859347
"697",0.884670160701029,0.583042866542887,0.450473422696489
"698",0.713619794837217,0.471447351499048,0.573505470889396
"699",0.651673510374161,0.599905304024309,0.759534114258058
"700",0.650649331273395,0.504179303976757,0.835768234279191
"701",0.99061259838657,0.936882623246832,0.102286832462823
"702",0.994005242572151,0.706458135339005,0.0865899261981654
"703",0.989832125253885,0.717299106582924,0.223808666828694
"704",0.991724202554983,0.644351116606884,0.19102195025253
"705",0.995945103270771,0.665143021798304,0.0384954094794198
"706",0.673995090708123,0.0959603163282397,0.218465607920996
"707",0.668469428603577,0.804385725333201,0.0999354128864755
"708",0.541001954944607,0.724817737406917,0.739105644616386
"709",0.656720589432585,0.0108671532963118,0.842697282758477
"710",0.675812411779169,0.10491233153917,0.152794862479406
"711",0.832245503155491,0.813314027859123,0.268676773418462
"712",0.672917127996431,0.31778356060695,0.159171610773411
"713",0.980985934968581,0.675644921325899,0.542643547223403
"714",0.853993070232867,0.14456417410414,0.766132031160679
"715",0.865025014784227,0.912626518976914,0.0587595473854434
"716",0.6693780891391,0.808861732938666,0.0671000401656806
"717",0.668838122842331,0.867936941418214,0.059908558102145
"718",0.885689294768083,0.876582159874174,0.414214875816077
"719",0.656343943942502,0.883560174127874,0.478018779654645
"720",0.992054619921094,0.779117734412795,0.121492238546129
"721",0.838474452363493,0.859431222726629,0.036911429476221
"722",0.667389496010038,0.922536142292296,0.0855524487594043
"723",0.00257927904701585,0.512394984338002,0.841553898683347
"724",0.0145186099042794,0.973407715497734,0.236140877528807
"725",0.650286266792516,0.714816554695808,0.757002460444752
"726",0.572609364024636,0.584383533871775,0.17274498080674
"727",0.618728281491313,0.117357156197353,0.223666457786947
"728",0.335037733298507,0.800623678236326,0.42576880012523
"729",0.60428035333276,0.175814985401761,0.689686222789522
"730",0.673419792960452,0.158900975004192,0.210803567793081
"731",0.672084019159328,0.408930134999638,0.14807594184954
"732",0.64089085563372,0.504043653455798,0.719953689766734
"733",0.940868090088004,0.561886814789151,0.0911613057418565
"734",0.753722843328718,0.85985063983449,0.584348019792871
"735",0.722693396364558,0.843876082054264,0.698705682710658
"736",0.838435461036564,0.692781033438586,0.110322467010097
"737",0.731624589209789,0.386576646094134,0.592804412439931
"738",0.651819679665352,0.30910920721766,0.880348461908471
"739",0.601155351958187,0.896399629315865,0.484261357176392
"740",0.829570963666207,0.311297642362992,0.576774205008562
"741",0.726538238936768,0.772134592379306,0.598992751916159
"742",0.654994696189572,0.199689129324169,0.819711162374733
"743",0.662721492240873,0.185822190167142,0.562957459108283
"744",0.732115344314863,0.265857699294132,0.628333551209843
"745",0.985765000760467,0.21981720215729,0.577299941671542
"746",0.568119518655185,0.555775738896322,0.337797851651595
"747",0.669448470996974,0.0735639387915505,0.382762335905763
"748",0.742503758015925,0.651532521214079,0.108247586923399
"749",0.684365014792329,0.608441606941172,0.239003774453696
"750",0.801076943086103,0.012672132744682,0.757702914389141
"751",0.607060090660168,0.881509742354644,0.517412243634798
"752",0.666652107532531,0.795433710122271,0.165606158328065
"753",0.995119295383664,0.651602490152056,0.0724342461359594
"754",0.984798156932995,0.882276693580062,0.323628554498667
"755",0.670519178109565,0.580132137430524,0.127234777486161
"756",0.6654371833648,0.928352929201253,0.14942532368511
"757",0.993565677359931,0.925464976308171,0.00680528574078958
"758",0.6654371833648,0.928352929201253,0.14942532368511
"759",0.667148510083141,0.948901295001398,0.0823429040503825
"760",0.650888663695831,0.85668778898572,0.675150880360207
"761",0.603533043722077,0.881283962828696,0.409945607490533
"762",0.617076232264878,0.334960837183465,0.185719622765104
"763",0.657822985765845,0.0980357686627415,0.76750489039314
"764",0.986615478004041,0.891228708790992,0.257957809057077
"765",0.765128987069873,0.936918998167336,0.0377738168585621
"766",0.795977616786566,0.551489682492117,0.198035130581262
"767",0.758462267450479,0.823913303788722,0.438727376287588
"768",0.656741319025357,0.461392473644534,0.64711605284158
"769",0.667824885723666,0.147304531341585,0.406076061702811
"770",0.992036375832733,0.817974371881284,0.105305058554738
"771",0.611041714506841,0.163683456078033,0.465011749383779
"772",0.662192008008875,0.176722897958818,0.5848986518583
"773",0.655155288465492,0.738801065068403,0.58105540962912
"774",0.609476873457078,0.334885458508919,0.4441705850204
"775",0.340663336570273,0.808861811062188,0.230905127999931
"776",0.659201167785436,0.645065077115473,0.48401996477049
"777",0.60456422504125,0.144757898207941,0.69346693708996
"778",0.00518383244280021,0.123554532753463,0.921179626882842
"779",0.860585057414775,0.0470747248484363,0.584139037442276
"780",0.665750313338521,0.240218462156955,0.4364322374629
"781",0.652668683434128,0.76583242707344,0.653920609874752
"782",0.779358663369732,0.877257146709787,0.622255502586795
"783",0.983873619111596,0.0849123981344391,0.699970460568682
"784",0.783031953996259,0.891312066444606,0.491264705387201
"785",0.530503835009845,0.300462273804148,0.684807677548554
"786",0.905938684814954,0.590412180406073,0.671760945138626
"787",0.581605594087388,0.783466480876107,0.500926412648764
"788",0.792817485346432,0.798590302926278,0.103770479579775
"789",0.995496221917676,0.506476363074799,0.122391569628468
"790",0.522833858609272,0.686805573934404,0.778513250508771
"791",0.494052906478693,0.723055437671096,0.198974378999028
"792",0.669784039401571,0.593532547734897,0.146436983591536
"793",0.865934624352672,0.813110354334111,0.0708740829322515
"794",0.556556784186592,0.517249179388437,0.622287871734311
"795",0.649205794613446,0.886231256204837,0.124752220350259
"796",0.942605224044708,0.475723387361589,0.0693598656649844
"797",0.99569192759726,0.692841798155379,0.0351235169634121
"798",0.415033739613579,0.997933084957199,0.0798883853222866
"799",0.73521924683926,0.65387175966375,0.354947614820793
"800",0.993998375074376,0.566460497099332,0.147379928952677
"801",0.653824845732518,0.780470291705297,0.608273322286503
"802",0.824834250387553,0.621742790141477,0.603563344647986
"803",0.657340029545672,0.499778675045838,0.610152644744689
"804",0.859408619347613,0.524688264144674,0.417550729665786
"805",0.75084744217272,0.769396920416221,0.595884076482427
"806",0.789337150554909,0.825199049311374,0.30545212212127
"807",0.992156529813898,0.908717224963711,0.0619680475343483
"808",0.937481572438939,0.76147395652355,0.119988680097348
"809",0.992377021882921,0.7807058672487,0.109841915715265
"810",0.667523746622972,0.736932355759308,0.161270790120633
"811",0.757209021101074,0.64936014617661,0.556847957888884
"812",0.898330338611331,0.362310036358973,0.206802804234967
"813",0.836720510931914,0.94743347803689,0.0584890210373331
"814",0.935772206783134,0.911627089513926,0.113166878672135
"815",0.937591181358641,0.541705467006791,0.211323031858551
"816",0.988456627612291,0.756824774925505,0.25348588815443
"817",0.983332740271624,0.693696228745153,0.455031609031796
"818",0.658065219457254,0.695243402334742,0.500943399329616
"819",0.996096902319837,0.648535391795719,0.0405171285110638
"820",0.927386337767931,0.789444218573361,0.451181370038379
"821",0.749432318205849,0.809436141012073,0.752055515540735
"822",0.691654714890316,0.830722927112491,0.842684236759664
"823",0.988765836666241,0.552079596716565,0.33153439437587
"824",0.668163164971369,0.941780952017648,0.0509192055227254
"825",0.668163164971369,0.941780952017648,0.0509192055227254
"826",0.993587120250728,0.923119009065812,0.00709087053649804
"827",0.938366820201819,0.664623104051758,0.131778755601358
"828",0.523321220962379,0.844745898873673,0.340751327309623
"829",0.738778057395266,0.539323192932675,0.283477636025052
"830",0.864091964779903,0.287109551538778,0.361057745621392
"831",0.358568266692185,0.664405389644093,0.63224537707113
"832",0.821733591974621,0.648927178409981,0.697243412675032
"833",0.896532963163716,0.428718915949051,0.113828820476963
"834",0.328713759383136,0.764902695932641,0.656268567895915
"835",0.101107083934394,0.29596132052788,0.992177781655144
"836",0.736609365182906,0.85069026425113,0.222541707878957
"837",0.532302267796105,0.887434843664851,0.495123258812694
"838",0.993996730389227,0.878305463346492,0.0125462183640982
"839",0.898381715381698,0.696660326705115,0.882779829425108
"840",0.524368467199789,0.779893101583015,0.0912171402610059
"841",0.941188522167984,0.459802120305441,0.124422015931506
"842",0.998089877484127,0.430493221331805,0.0670603502506617
"843",0.808916801438364,0.855161433113928,0.126684587645831
"844",0.991002716672197,0.307352928614897,0.361326036071579
"845",0.866569641863782,0.676608326694902,0.108324564777944
"846",0.97528499688937,0.229928378369608,0.929301828145743
"847",0.974067660568259,0.570888185878489,0.823214330148953
"848",0.994304186452304,0.228031629685661,0.283369324758427
"849",0.994383144646057,0.390309229417639,0.210490581568878
"850",0.983030308097388,0.281063488369781,0.643801646388485
"851",0.99477131189376,0.347841650940677,0.21566034460077
"852",0.539785759049397,0.673137585151825,0.207971192890781
"853",0.868248031596941,0.492983489386488,0.130678014861498
"854",0.860114553141221,0.484315957863277,0.411008433586864
"855",0.936291967929007,0.720707019712346,0.17807540180422
"856",0.723615153659838,0.785524405465133,0.597759711664721
"857",0.857377393817653,0.746915229733645,0.39049807461472
"858",0.662021640831013,0.507406250462641,0.447653787275806
"859",0.723615153659838,0.785524405465133,0.597759711664721
"860",0.848986627186522,0.588407547873022,0.744391535714962
"861",0.526513241413145,0.545243301116516,0.119782081032248
"862",0.930202130088554,0.273604752868197,0.578557729430068
"863",0.990042911552851,0.58327680525226,0.274612637313516
"864",0.85389366349027,0.259328147778246,0.719870824655801
"865",0.92780052032566,0.365437690207322,0.620502491741074
"866",0.794112837514697,0.926422584412623,0.0992689325563402
"867",0.763927879646244,0.756661562476121,0.156588805039998
"868",0.996589048729367,0.112110856997933,0.255813871922928
"869",0.6654371833648,0.928352929201253,0.14942532368511
"870",0.848879205039642,0.569993036577122,0.756009718085619
"871",0.853123934292634,0.447428992692125,0.664682001851452
"872",0.980676444870702,0.152823205780533,0.779316220613287
"873",0.834651243107947,0.89901808208955,0.149797311787746
"874",0.846195892323691,0.893728907408284,0.707223438687047
"875",0.610897515097496,0.558152380204298,0.299286368712851
"876",0.848681312587235,0.621810602309201,0.740325236618815
"877",0.987029443670795,0.809078008557228,0.279415363607397
"878",0.926115588291423,0.824582682842838,0.479194300802939
"879",0.90879010731807,0.798272223133875,0.484886918554545
"880",0.60035194481411,0.709492286708084,0.59242887493567
"881",0.935075091525225,0.504934917880022,0.312788612573408
"882",0.782198260434993,0.510456880749495,0.558986091941378
"883",0.792617918405478,0.919058702037598,0.153289355167065
"884",0.865831304353353,0.653498066773145,0.143428366079003
"885",0.606678584263556,0.641033302332493,0.406901876465447
"886",0.659122254900714,0.861475255795487,0.393094434793717
"887",0.727482230923193,0.772745149788366,0.566627937259744
"888",0.9842216026015,0.388673237345818,0.556744362103871
"889",0.660981928484992,0.725044699616293,0.388869223439689
"890",0.601210156418038,0.786515384557486,0.529928533056994
"891",0.941858329042324,0.245772677035326,0.194224232298296
"892",0.491530245706679,0.70789904696365,0.886160096822214
"893",0.810310998371415,0.49663014124817,0.556702604913517
"894",0.655840258129556,0.834777760162749,0.516247763923091
"895",0.661718296113574,0.644482132218435,0.398676455159145
"896",0.671005035598711,0.423088379710465,0.178642885990071
"897",0.667365342276136,0.650374297801939,0.204098367829555
"898",0.659573521900218,0.879131932684934,0.370111514387903
"899",0.671595450827076,0.291466080986981,0.215499337211488
"900",0.680835715503483,0.474744919741456,0.416849573211269
"901",0.976874723814983,0.568751876313087,0.7286834145542
"902",0.975587429063607,0.64256111874498,0.740531790789053
"903",0.659353987683428,0.836122446680771,0.396180742514017
"904",0.978332883679125,0.549970346999401,0.687222290442891
"905",0.850647767173273,0.718334954196822,0.631703440908406
"906",0.977460783515092,0.474466732104046,0.749537659052896
"907",0.653012248399085,0.728244577512204,0.658496342282367
"908",0.552226359907822,0.573310190122625,0.42295168570665
"909",0.983634159259985,0.140898419482212,0.683896410171202
"910",0.788057410134224,0.898181807454955,0.317401109883162
"911",0.994326406794079,0.842237096739302,0.0169369775030429
"912",0.557970192587937,0.947306127123291,0.0658577624151543
"913",0.86558009856169,0.784869670449835,0.0951454405424809
"914",0.99748653154789,0.392614159290161,0.103962022067604
"915",0.723649463095937,0.584705819740705,0.183453400696982
"916",0.938086608369357,0.866195830730027,0.0541164457026637
"917",0.939181405062895,0.575503151972777,0.14262771497661
"918",0.667761804815789,0.777915219449765,0.135448271543139
"919",0.792355489587785,0.947769821989059,0.149794225662335
"920",0.655761299935804,0.672500160430771,0.58912650711264
"921",0.936884551912806,0.789930567287079,0.127981525616496
"922",0.981768848254783,0.760906058927771,0.47914035293602
"923",0.988071125898664,0.695112386723191,0.293288894423
"924",0.981768848254783,0.760906058927771,0.47914035293602
"925",0.988172972794776,0.44602603398705,0.397568741006365
"926",0.939400243627457,0.826365431975831,0.0266746845295204
"927",0.741537627486476,0.861120725046269,0.0504430144631304
"928",0.824842474830612,0.221254994004088,0.181670106167663
"929",0.666091927265554,0.789692728750692,0.187138529293652
"930",0.666741565478717,0.889534874041443,0.121860325523245
"931",0.992144077867279,0.873218898331966,0.0777464057413088
"932",0.836676604301396,0.744460412953724,0.147778792734033
"933",0.616895427175012,0.421769590187629,0.154318519371287
"934",0.668414578834695,0.535582191679589,0.218072510172195
"935",0.87123712885412,0.336876269723437,0.0965576404853933
"936",0.990555824044873,0.943094040685596,0.101530689602736
"937",0.662707884724697,0.914908566875494,0.248051306228288
"938",0.647296428574079,0.700088789945758,0.865043305666202
"939",0.65159261878828,0.779671326855614,0.684526429262373
"940",0.760669792426371,0.526265113943146,0.367039782654169
"941",0.608840165951787,0.404544673983295,0.435690665752449
"942",0.556242261752153,0.930352355830993,0.454294062483121
"943",0.884997934934957,0.545404592616621,0.13326382742475
"944",0.868332574239538,0.550761777510538,0.102810916219501
"945",0.732217949859895,0.187604395846157,0.658693162519038
"946",0.99329928993462,0.0560954981458129,0.391912695874464
"947",0.635768004477212,0.930652018613144,0.334991205553189
"948",0.937596811116516,0.815893933810855,0.0925304032397812
"949",0.252480683145619,0.80199479451405,0.545295746927714
"950",0.561574677174554,0.591974076158004,0.419330476663807
"951",0.896906118893635,0.792931703474036,0.068966881768703
"952",0.618312345942711,0.0958350291115016,0.24711993625714
"953",0.475491482382487,0.808208275649674,0.56582519102595
"954",0.690759162493911,0.183691951759109,0.205295923310146
"955",0.892431520776866,0.706522657838949,0.133134547908706
"956",0.666495952955209,0.849378494639299,0.147582232573701
"957",0.986992123494123,0.0185356879594295,0.622636312160909
"958",0.657692865342473,0.461176546765281,0.614851849712202
"959",0.591245748218833,0.807245335932174,0.859804253512507
"960",0.735101062739943,0.666801733900938,0.353373592820669
"961",0.819541314251411,0.888774117595923,0.668045801603599
"962",0.666884833500936,0.354039628571756,0.348618810318199
"963",0.702672909707282,0.837609303846943,0.787372769966308
"964",0.660304305079956,0.903068676895003,0.334907101559808
"965",0.795210317388106,0.286531445384407,0.338735983522379
"966",0.792775295217067,0.595429443412104,0.193083112309334
"967",0.993676515200221,0.638534329697927,0.127149075326824
"968",0.665414763777847,0.410984796688197,0.37397711617975
"969",0.992632863090506,0.648827124212349,0.158186577531735
"970",0.839033482051422,0.891643373609182,0.129336838776649
"971",0.741513265680911,0.86378603721728,0.0501185544203328
"972",0.916557078307858,0.505205537759414,0.34753588874537
"973",0.662609173634328,0.821819746550707,0.291673902044386
"974",0.999226331038669,0.202270765183323,0.127133351291194
"975",0.534358247103624,0.710254905572485,0.376480052094258
"976",0.977054074645566,0.763979426486404,0.638138174080755
"977",0.740567465150292,0.803756530815398,0.33574927664653
"978",0.46933899072017,0.806931466273558,0.180748736871161
"979",0.667554336695041,0.395575318968148,0.182516902551713
"980",0.987336728151929,0.879347781440665,0.238570629683031
"981",0.927362184034028,0.517282374083003,0.569727289108529
"982",0.751992724287573,0.851873601297933,0.521262853708507
"983",0.625405070009335,0.625365563058828,0.599228042748431
"984",0.980780280492585,0.698144623838596,0.539904560578761
"985",0.649361164026505,0.606093816536674,0.513145139167447
"986",0.993054708284649,0.981367733257047,0
"987",0.75727012717846,0.898206723044692,0.321761712895644
"988",0.78941534894348,0.125906721155663,0.605274323374444
"989",0.660245560856411,0.805607267014152,0.379061991720234
"990",0.754013684643737,0.355965308264559,0.667046401098395
"991",0.841813683393678,0.323185391579399,0.155314951972914
"992",0.933002904786488,0.456838866861334,0.404058028076732
"993",0.877191493856986,0.537818054569655,0.402005659599199
"994",0.661653226479926,0.480685049532411,0.471740171617365
"995",0.994496693329453,0.377886394540111,0.212002867289054
"996",0.656819536257852,0.452835088963411,0.648157780497376
"997",0.643906119514731,0.928100546736833,0.559360333428007
"998",0.645495245832652,0.83012013425518,0.870047520913177
"999",0.735780656026826,0.592450583941844,0.362424681680037
"1000",0.709036850489477,0.868957696594562,0.55740529653995
"1001",0.984811068796943,0.361043110870601,0.548650905057685
"1002",0.481789124610445,0.742921742804754,0.379911996232981
"1003",0.653940364297761,0.871720284147384,0.564874574986165
"1004",0.714529151024968,0.268070565105621,0.630553900489578
"1005",0.665759585326627,0.929941062037158,0.137775000854245
"1006",0.884500639291073,0.731823050814703,0.517251505790552
"1007",0.896599855261427,0.930326930158483,0.019950674404953
"1008",0.837288525417249,0.989177990274939,0.0211167911560118
"1009",0.977791183235407,0.854251843501646,0.574024934954866
"1010",0.755824985141176,0.733753395603333,0.567407896919322
"1011",0.753488555939994,0.309528861541792,0.704989800571133
"1012",0.598843878106045,0.874482871700206,0.572343853432379
"1013",0.668775718742758,0.599959892052914,0.177945043860827
"1014",0.333542325073696,0.340520058768363,0.675640023234331
"1015",0.608979792941901,0.389268732503748,0.437550272548281
"1016",0.654676731926343,0.791157716749526,0.57468180670562
"1017",0.656184798634408,0.626167131757404,0.594766828208911
"1018",0.582897056715408,0.593451317511079,0.641335266718943
"1019",0.503628484980876,0.386688826552016,0.613696642726962
"1020",0.651320665758048,0.705536103775773,0.725841721251119
"1021",0.667593451672542,0.900222299085672,0.088268809942362
"1022",0.740379477660443,0.987828526686487,0.0350183226802629
"1023",0.668838818494558,0.660084147419322,0.149792360423121
"1024",0.667879293262879,0.972838039211468,0.0471384912222868
"1025",0.669067144781939,0.568076320570781,0.181826369688303
"1026",0.808552506880634,0.442223962326941,0.317690085155113
"1027",0.301421229379344,0.761275633144068,0.543368779243332
"1028",0.924127229699132,0.351382770472503,0.751493288940667
"1029",0.923461019745993,0.602258568406764,0.665630737750312
"1030",0.894555436823589,0.946220584702608,0.0825968484061919
"1031",0.859457134887081,0.79418479646402,0.299329270638433
"1032",0.663130362574376,0.660910538634243,0.343552568612675
"1033",0.867635152628855,0.419286755784447,0.18339692013249
"1034",0.985157318139899,0.910010238104678,0.299418933168386
"1035",0.938071770776329,0.971707485932341,0.00898156416638982
"1036",0.664702993689729,0.837761167257358,0.213577438058089
"1037",0.785565197705013,0.12942328577772,0.412334601303142
"1038",0.666860960810963,0.809444677835704,0.152443549777025
"1039",0.973301337865956,0.825644048526193,0.739077805799721
"1040",0.865492348297346,0.757609383570562,0.109920946340734
"1041",0.860597528205318,0.773307994954769,0.269580205637938
"1042",0.863870696416165,0.489306353557313,0.281121100323016
"1043",0.99602598603734,0.552405670437905,0.0845099064356784
"1044",0.698365774550585,0.657000383828908,0.564248190789316
"1045",0.991209835803679,0.566570184351028,0.242157554096049
"1046",0.66930914273845,0.816404838900468,0.0661817850697813
"1047",0.757329652410952,0.644899765335502,0.106962250016626
"1048",0.798023742906245,0.60243690498789,0.106418629573456
"1049",0.795453500112437,0.779746906808141,0.117124400726457
"1050",0.661833814678817,0.735732124660523,0.355277707858807
"1051",0.602288399017396,0.601522155433558,0.573282059761807
"1052",0.658531603937451,0.644218439176658,0.507154890017304
"1053",0.759484431360367,0.437278698104667,0.571208562453289
"1054",0.656619511539731,0.749523258280173,0.526626165233964
"1055",0.929417799032789,0.916096368326703,0.327317118644442
"1056",0.918825700737579,0.656594076239069,0.79975306326573
"1057",0.733633911931623,0.723427557088727,0.378770773929309
"1058",0.649563326650447,0.659854669881302,0.80536020239654
"1059",0.98924807958839,0.603207977924049,0.293019825311715
"1060",0.925818435138505,0.0788120978545712,0.217038800821616
"1061",0.900374904466953,0.112278277611055,0.120060026827004
"1062",0.628615616021892,0.180938006001453,0.182286822540037
"1063",0.802364481225812,0.231425198224056,0.119293009428476
"1064",0.667524487584231,0.907767340172409,0.0873503192752882
"1065",0.88762975551036,0.60815222933972,0.33897041639798
"1066",0.829348074409887,0.532944261807397,0.613848443697655
"1067",0.880907434530209,0.198301924477443,0.422502938436026
"1068",0.839604884188167,0.309307960106467,0.361797380947823
"1069",0.681072337082813,0.552745593017703,0.375063723158144
"1070",0.990968361917452,0.830932478566716,0.136018100716852
"1071",0.664758818998505,0.935541922066862,0.169383672650573
"1072",0.654571695425871,0.631733223619567,0.647213228819512
"1073",0.76934867420992,0.605496229582673,0.163009093946614
"1074",0.979377467175966,0.680703873828402,0.595151684113953
"1075",0.796704776579995,0.850627237100637,0.0439148521456745
"1076",0.83683405961531,0.935010643159362,0.0600013067575086
"1077",0.7951854868459,0.91295733836753,0.0686176266741753
"1078",0.842313318514865,0.844476704991983,0.0382071759464708
"1079",0.737919123674003,0.98220005414476,0.121117975151695
"1080",0.836077478016521,0.950757020706094,0.0789179280671755
"1081",0.740571243576333,0.966848307127836,0.0375723360562346
"1082",0.993452128676535,0.937887811185699,0.00529300002061413
"1083",0.992444757050644,0.840322983255448,0.0817509685575074
"1084",0.896429532236333,0.948961182474775,0.0176822458246898
"1085",0.895478350227976,0.373183177017961,0.173713412699719
"1086",0.731519086105666,0.5813617452904,0.417295519350917
"1087",0.528817559602526,0.116772457063699,0.696236777362637
"1088",0.764662557280645,0.609256182913429,0.195366599337195
"1089",0.653553885887976,0.290293796189656,0.829514958545083
"1090",0.672011386375677,0.312988208072833,0.192045858741295
"1091",0.173801946466681,0.788578669139999,0.171992375810467
"1092",0.557743095221145,0.972151796878347,0.0628331909748034
"1093",0.670100314826882,0.625958026744231,0.121656192669839
"1094",0.667958459528295,0.860288482282077,0.0931301271456859
"1095",0.603775022834665,0.438877537683795,0.593081496469389
"1096",0.586120814489381,0.344643272333754,0.639333263349653
"1097",0.652105904408372,0.496465958481977,0.664204633336669
"1098",0.654504203284503,0.357240026403889,0.768241317590874
"1099",0.761879715713158,0.279110087960369,0.558172626440077
"1100",0.826148826826376,0.286109766163894,0.109194074985284
"1101",0.985058886937196,0.853751432934674,0.327101058541712
"1102",0.939135591547221,0.647543102857053,0.113024482098677
"1103",0.562378093137942,0.711852747294879,0.340156146943956
"1104",0.563576209830799,0.580772356098596,0.356113133071152
"1105",0.994776941651635,0.622030117744741,0.0968677159820004
"1106",0.883531544537824,0.563042821163553,0.623212331249515
"1107",0.399474073441031,0.399740281252321,0.272903690968286
"1108",0.994003272690304,0.602785308019389,0.131500959218679
"1109",0.993946498348606,0.608996725458153,0.130744816358592
"1110",0.878375008691714,0.861128433918,0.221910857745118
"1111",0.98848270591901,0.753971668323486,0.253833209230086
"1112",0.669113437058865,0.630039403819888,0.153449837734837
"1113",0.665007359256093,0.908350285069447,0.172693828886633
"1114",0.668163164971369,0.941780952017648,0.0509192055227254
"1115",0.727314826812868,0.791060057176005,0.56439838392657
"1116",0.881474451115622,0.932670632437809,0.407911714120922
"1117",0.685981972407841,0.953136743309389,0.357263682841635
"1118",0.657956559570474,0.811019719603234,0.454558955836015
"1119",0.829699648674221,0.920928110912521,0.308700428224862
"1120",0.980839937259333,0.245897411588281,0.733497039891685
"1121",0.881099151579099,0.765953728392841,0.492787865645818
"1122",0.830555890396301,0.894278381442307,0.291111119366699
"1123",0.666599968606755,0.801137988201375,0.164911751747926
"1124",0.861053647511718,0.44860170435228,0.394522588664447
"1125",0.544467901100958,0.6945295474896,0.634346423349892
"1126",0.556750841075947,0.805905328900565,0.168485570605198
"1127",0.668470124255805,0.59653293133431,0.189819215207452
"1128",0.665252971779601,0.948506664471591,0.146971921836176
"1129",0.838225912105905,0.886622859724044,0.0336012732401616
"1130",0.768270431610562,0.790489458706601,0.119655567241801
"1131",0.612776897425621,0.664582144805443,0.189340868730043
"1132",0.412169073363495,0.693266514357103,0.214245198519515
"1133",0.738484186051275,0.888772200892322,0.0474738399757568
"1134",0.864844426585336,0.657579443848802,0.175222011144001
"1135",0.660120093494756,0.923222412165342,0.332453699710874
"1136",0.937119483497955,0.801088428398493,0.115166238141113
"1137",0.826377964923906,0.93543321999063,0.415380992567136
"1138",0.405684562835574,0.81585807768073,0.381725410202514
"1139",0.837423516991442,0.974409188155052,0.0229146616718958
"1140",0.76570620939036,0.598963388399007,0.164329097132284
"1141",0.994427467041136,0.348599485347131,0.227025082635926
"1142",0.994981638275397,0.770551258951218,0.0256636063196133
"1143",0.668452621128703,0.8062245532159,0.0997115643707155
"1144",0.665324863601993,0.873613606985295,0.176922475789766
"1145",0.606375239546117,0.778109184088287,0.357924544348786
"1146",0.65835397996236,0.767539797531886,0.45985195585663
"1147",0.734120790269694,0.774048798936551,0.340317941145103
"1148",0.607495879967738,0.826421161986228,0.29891933197484
"1149",0.736787747765052,0.653185396717312,0.301907183585916
"1150",0.771155513216194,0.682622745481474,0.0682056736914706
"1151",0.743677512903216,0.523117442188807,0.123880113007797
"1152",0.836628405139315,0.957510345672059,0.0572623201128661
"1153",0.997952916028087,0.341589196132076,0.110173512755292
"1154",0.993272489510566,0.57884856380932,0.166705372046775
"1155",0.860306102166137,0.805191566436901,0.265698879810461
"1156",0.738446638024154,0.887626519033469,0.144087815422191
"1157",0.662592366159454,0.823658574433406,0.291450053528626
"1158",0.834245885232687,0.828583477310688,0.319417210091821
"1159",0.527864051025512,0.685746247538016,0.380415810721465
"1160",0.837685945809135,0.945698068203591,0.026409791176626
"1161",0.765563967165711,0.3589935411407,0.398334739222639
"1162",0.554868233480279,0.975012059135885,0.159356465352633
"1163",0.99229098811973,0.753257785938418,0.124640282546377
"1164",0.467057149087864,0.614678515585913,0.216134249251199
"1165",0.79273681580282,0.453257440209828,0.350730191879795
"1166",0.928770590618803,0.363195141014363,0.588484998160315
"1167",0.663420098619377,0.562184154987278,0.376404457017894
"1168",0.204836620241508,0.497381675811977,0.534433376712997
"1169",0.988957602582132,0.531099377157914,0.334088407751842
"1170",0.56284575799453,0.924976750225702,0.357434384474573
"1171",0.655042199699426,0.194491990604726,0.820343832674924
"1172",0.60033633306653,0.508677247078158,0.584981434197213
"1173",0.136917096840169,0.447675165085344,0.626013831318488
"1174",0.499645193500049,0.516070883785587,0.598343362111302
"1175",0.56749595874874,0.453080487003552,0.40342337649766
"1176",0.657631455584853,0.467895103563706,0.614033970572166
"1177",0.663555090193569,0.547415352867391,0.378202327533777
"1178",0.589252702205653,0.45479121013391,0.485187652610893
"1179",0.989014376923829,0.52488795971915,0.334844550611929
"1180",0.354608772722449,0.866956981106931,0.2010344548993
"1181",0.472846201765532,0.791401159297393,0.193571569183554
"1182",0.665533896910087,0.294062650202741,0.420501046447477
"1183",0.466302257483255,0.697267705297478,0.206080307983124
"1184",0.666923283111785,0.253017498906114,0.391008798390412
"1185",0.663555090193569,0.547415352867391,0.378202327533777
"1186",0.937069015722436,0.182900575167841,0.384281742580609
"1187",0.563429847812792,0.727018778697045,0.423199661993783
"1188",0.930237000465864,0.135734333413473,0.63700828789702
"1189",0.663087964752113,0.427605331612375,0.445911307691434
"1190",0.930402688075036,0.117607220456842,0.639214980197335
"1191",0.561007683538144,0.757894563487838,0.366841765257012
"1192",0.451106051837174,0.874451740702499,0.646190023016485
"1193",0.606532414972364,0.931829399139142,0.286087528815034
"1194",0.796755921163818,0.570227352857809,0.163463623624532
"1195",0.985706817468518,0.886752701185527,0.290793181777872
"1196",0.405004969548691,0.890209227639825,0.372674321343146
"1197",0.797699913150243,0.570837910266869,0.131098808968116
"1198",0.709886223281243,0.473104060827758,0.25203705841583
"1199",0.608476535590668,0.833915108089137,0.13696147379868
"1200",0.664332419030927,0.737175802077191,0.269687488698843
"1201",0.286992823087126,0.826531386951837,0.183435728739522
"1202",0.745170623468241,0.47106237557101,0.323125597966853
"1203",0.661570156940535,0.831605401705469,0.322773140529245
"1204",0.763340663220315,0.924794531425735,0.103830758622898
"1205",0.820759693781476,0.233877892776718,0.587548020867851
"1206",0.308594553726453,0.922744396559156,0.104225110792949
"1207",0.796418934989658,0.778011496974842,0.0850451708657497
"1208",0,0.348861501620364,1
"1209",0.739887991579299,0.859971953562621,0.607040653115358
"1210",0.533641003494727,0.561676033662884,0.339769587224069
"1211",0.0036290135404794,0.783313943837683,0.688670428567038
"1212",0.405620694080515,0.266164070066602,0.621669364581368
"1213",0.543747391914329,0.877245459253028,0.579813131878594
"1214",0.9860834629586,0.0140596803539645,0.655471684881704
"1215",0.510864850213528,0.71889000007405,0.797009009216795
"1216",0.609222243524285,0.644620538043474,0.318852348637131
"1217",0.774240727905521,0.701399512924818,0.182672645912163
"1218",0.783576772599926,0.489873890473124,0.64638149088306
"1219",0.450401165187199,0.957020147714924,0.164967519959198
"1220",0.989060904935654,0.935730158310571,0.155551112213461
"1221",0.725239686800191,0.618503504706691,0.114758083815041
"1222",0.931973873378825,0.703475834305717,0.332366844665542
"1223",0.413733218761031,0.729917305925108,0.145202560561918
"1224",0.894523180524552,0.648599914295663,0.0870617502216046
"1225",0.993955489292784,0.57115243158405,0.14680875936126
"1226",0.990467105903683,0.329090982580002,0.370136760730764
"1227",0.890169999077679,0.917084622956846,0.118958916612972
"1228",0.992350681376197,0.746727023571002,0.125435300653554
"1229",0.663273929328185,0.852980251793927,0.25559010936748
"1230",0.836351816693161,0.883882261951878,0.0985158758216637
"1231",0.992054619921094,0.779117734412795,0.121492238546129
"1232",0.464226064205528,0.809631453538718,0.353447367730683
"1233",0.758794043509166,0.902398153889046,0.268127486607665
"1234",0.66685708404396,0.980784866483531,0.0784615782229063
"1235",0.977847957577105,0.848040426062883,0.574781077814954
"1236",0.836771499278642,0.96820036946876,0.173141207883488
"1237",0.924246390494607,0.858166895990729,0.528229933650443
"1238",0.990328726678081,0.967939710440652,0.0985061181623847
"1239",0.596432982005673,0.831836442214578,0.577932348707135
"1240",0.667105624301548,0.953593229486116,0.0817717344589656
"1241",0.768832861647053,0.936733282552578,0.037271692812928
"1242",0.757411332078427,0.938891269217145,0.424730608483263
"1243",0.994269632452381,0.848448514178066,0.0161808346429552
"1244",0.666743535360564,0.993207701361059,0.0769492925027308
"1245",0.924904540890695,0.786161713273994,0.536995437714103
"1246",0.88156831521933,0.190981974439466,0.850908732195297
"1247",0.925621199775429,0.462738825095796,0.652522958062339
"1248",0.812868414657994,0.69763814854623,0.0604461081619292
"1249",0.989450563303951,0.862932373019841,0.173789607056237
"1250",0.992141140108587,0.18280329978603,0.376488004091597
"1251",0.666974509494359,0.797021842958176,0.153955835497201
"1252",0.661418339047545,0.157478088233466,0.619531895094979
"1253",0.777160738200986,0.8429175542166,0.711850284562957
"1254",0.654733506268041,0.784946299310762,0.575437949565708
"1255",0.410209503921029,0.491721307117465,0.368060003867041
"1256",0.655603428857328,0.726632739378807,0.571079720325416
"1257",0.992995964061104,0.883906323376195,0.0441548901604261
"1258",0.778151971497259,0.801499022626499,0.696058846220679
"1259",0.990317530117158,0.553232061652826,0.278270114625233
"1260",0.325370632742025,0.781753772253109,0.762663547442481
"1261",0.769838567882997,0.689355442268481,0.901897748410104
"1262",0.757582232205736,0.719828086073973,0.741178184376542
"1263",0.707179606704376,0.552329170752167,0.757520183639444
"1264",0.394225156029349,0.179178255663382,0.921435044346458
"1265",0.20464600493002,0.771630472071637,0.673025725978308
"1266",0.403577785607195,0.942462461271548,0.398603796796114
"1267",0.893146506168531,0.587617005225873,0.285623177352125
"1268",0.491153032598679,0.613672841871144,0.84490363733555
"1269",0.827572471763997,0.735942044435373,0.138707951290215
"1270",0.736859639587443,0.578292339231017,0.331857737539506
"1271",0.848816304161428,0.607041800189314,0.742123107134699
"1272",0.997854484825385,0.285330390962073,0.137855638128618
"1273",0.719423275464768,0.460224747720305,0.381010838871398
"1274",0.52307537780453,0.801131058130708,0.720848430721648
"1275",0.468601821476451,0.757348101715892,0.101894993477379
"1276",0.600910917516177,0.898607875992787,0.396776659612522
"1277",0.552595727396911,0.705593470620199,0.675515747508173
"1278",0.623445456414099,0.735869456006721,0.618066412093726
"1279",0.615836187862099,0.287189460736429,0.718028481124991
"1280",0.653940364297761,0.871720284147384,0.564874574986165
"1281",0.830445269446986,0.839353199920277,0.31863089693304
"1282",0.76466818703852,0.883444649717493,0.0765739707184256
"1283",0.696395958778245,0.872508792619454,0.538013414878286
"1284",0.802520935700601,0.894333508296538,0.327233801462926
"1285",0.890963141047958,0.830310638120224,0.129522291192515
"1286",0.890828149473766,0.84507944024011,0.127724420676631
"1287",0.895632450502359,0.828389512672166,0.096940937286174
"1288",0.991554620491148,0.833820353336276,0.114833050826922
"1289",0.740446200798552,0.772751971654445,0.125781504850049
"1290",0.667426752033756,0.643655741003514,0.204916246969591
"1291",0.665940128216487,0.806300358753277,0.185116810262008
"1292",0.661426870074393,0.676365703700567,0.394795129331669
"1293",0.659793336004674,0.958971433843879,0.328101815819018
"1294",0.665940128216487,0.806300358753277,0.185116810262008
"1295",0.895460157595418,0.743350937668843,0.139583541726425
"1296",0.998511406300884,0.280487365338822,0.117611704367447
"1297",0.937866794264901,0.786356329571081,0.096126144271549
"1298",0.891871801583481,0.834786645725689,0.0966869184717203
"1299",0.993506933136386,0.82800356642732,0.0509601759012157
"1300",0.826254192270664,0.843308254020136,0.137094788143983
"1301",0.512390213882782,0.945069979735302,0.104749102349673
"1302",0.483482364094233,0.941997876753634,0.141380247818505
"1303",0.880362851661441,0.948619215791239,0.116469246495164
"1304",0.881555383905454,0.922038136202885,0.0874145880748082
"1305",0.734723856318264,0.775097845823412,0.319356739770933
"1306",0.839019054076184,0.799848874887421,0.044164647819705
"1307",0.934871109397614,0.839295926149242,0.175096050959394
"1308",0.937735001493144,0.837635801917098,0.0784266785599822
"1309",0.836979533254274,0.852067340351604,0.090931852086946
"1310",0.893202244316456,0.793117419088795,0.0694690058143371
"1311",0.83826682800565,0.778258097919711,0.0790834758520922
"1312",0.936691349383429,0.84792859643152,0.109464180764893
"1313",0.83622730718374,0.830476563383893,0.125850680119333
"1314",0.931384949271055,0.804767926215433,0.30857912525501
"1315",0.982812246983804,0.646752642662725,0.493036744784483
"1316",0.655037863015094,0.922564088593757,0.505561152354826
"1317",0.924832649068303,0.861054770760289,0.507044883760513
"1318",0.937478906904864,0.865653923202826,0.0750159107968853
"1319",0.680072311715949,0.729181437460508,0.332751924109127
"1320",0.668014284837071,0.958069237091581,0.0489363617381707
"1321",0.993573231690622,0.924638492019859,0.00690589726782716
"1322",0.988039734211456,0.906323491558827,0.202996270317593
"1323",0.664915017728595,0.569548037362303,0.322384034407169
"1324",0.739155237351837,0.743074246072796,0.182518288643732
"1325",0.667254504435846,0.937304944412183,0.0837545782435204
"1326",0.667364646623908,0.85822709180083,0.114214565508578
"1327",0.355722138701046,0.952925458447967,0.125988160555544
"1328",0.994437036562705,0.830133606790426,0.0184103879761292
"1329",0.985906137715099,0.864945997338563,0.293447806680881
"1330",0.668609751245919,0.581256989854763,0.191678822003284
"1331",0.794652803811467,0.867347375933075,0.106460414619876
"1332",0.794112837514697,0.926422584412623,0.0992689325563402
"1333",0.6654371833648,0.928352929201253,0.14942532368511
"1334",0.995539107699268,0.501784428590081,0.122962739219885
"1335",0.672443397257206,0.0948078513919787,0.271729887671633
"1336",0.981160197757369,0.864356323648838,0.455089909762639
"1337",0.9189796345545,0.522042092636236,0.257873463669841
"1338",0.667600734934878,0.795537128171671,0.133303079951598
"1339",0.991508328214222,0.771857270087169,0.143209582780387
"1340",0.835530906421982,0.906666541225686,0.116575742744205
"1341",0.85791932999627,0.791512848573713,0.352778523657741
"1342",0.893213485030147,0.89577596768909,0.0246814453537201
"1343",0.837430800253778,0.869724017241051,0.0679489316811319
"1344",0.795177932515209,0.913783822655842,0.0685170151471377
"1345",0.913625767421991,0.92979501102249,0.263558276654019
"1346",0.985735814690005,0.883580249654855,0.291179378100618
"1347",0.665007359256093,0.908350285069447,0.172693828886633
"1348",0.659438530326025,0.893900734804821,0.368313643872019
"1349",0.991354812664002,0.788652694520763,0.141165002715884
"1350",0.995770144829755,0.684284413474256,0.0361652446192082
"1351",0.667386748677213,0.202311880676681,0.397181413831011
"1352",0.669045701891143,0.57042228781314,0.181540784892595
"1353",0.667044891352233,0.0617240488110604,0.469618131237283
"1354",0.669745509148234,0.560887327705172,0.16186802072284
"1355",0.996183116154556,0.327438107076768,0.176477164068247
"1356",0.555959135719154,0.855661504151397,0.173885527501286
"1357",0.616106679026839,0.952118784930439,0.399448671478557
"1358",0.992963280456617,0.78359374201826,0.0886568658253346
"1359",0.97292216156243,0.830267333129052,0.749971985770498
"1360",0.915839234655304,0.583741482843566,0.337975366574534
"1361",0.471076884491671,0.880889224094301,0.589664871840354
"1362",0.85134674497442,0.212487207005266,0.231894756030351
"1363",0.986331606295551,0.922285795984812,0.254177094756638
"1364",0.658945568171666,0.332861470885976,0.180043512547155
"1365",0.659190939101359,0.817100199553968,0.409953395903563
"1366",0.66242788978321,0.774625465421487,0.318252563481968
"1367",0.565165178149357,0.993779363220664,0.123432177933323
"1368",0.666872201524654,0.912103226435999,0.107655989316408
"1369",0.665759585326627,0.929941062037158,0.137775000854245
"1370",0.982029351343398,0.316473011469163,0.662522951463495
"1371",0.656999383495484,0.537047179678422,0.605615787584163
"1372",0.657964818372705,0.535311769845123,0.573536557723456
"1373",0.66037468693783,0.167770882747888,0.65056939729989
"1374",0.335488051265089,0.92227252737404,0.357835971451813
"1375",0.329124110482894,0.890924134626421,0.587803444878171
"1376",0.987038415771049,0.0804987712085367,0.594259780207444
"1377",0.528289138855944,0.713677959076558,0.581381149803209
"1378",0.654015653796175,0.93051091586582,0.536884239355445
"1379",0.328613141407612,0.946826891575296,0.580998159137381
"1380",0.926729136404765,0.757457229041829,0.487365774242322
"1381",0.937280535691205,0.783468454801521,0.117311194161479
"1382",0.667689434232144,0.718805242802677,0.163477482420948
"1383",0.881708411875109,0.838268349106814,0.118445744931283
"1384",0.70853853080186,0.828325531096865,0.144213426183104
"1385",0.6527422652507,0.757782181751977,0.654900601250599
"1386",0.740434443457947,0.9221981602549,0.289040373110132
"1387",0.980907717736086,0.684202306007021,0.541601819567607
"1388",0.935479352949778,0.913499799110943,0.122315409408454
"1389",0.991292688452096,0.557505660310245,0.243261018031794
"1390",0.989080920032275,0.903373329183096,0.168866553572965
"1391",0.990974687327555,0.897268151371889,0.107109274419058
"1392",0.939009157464985,0.869152355381446,0.0214660462505396
"1393",0.662707884724697,0.914908566875494,0.248051306228288
"1394",0.980772726161894,0.698971108126908,0.539803949051723
"1395",0.657439689668963,0.488875323122357,0.611479957196194
"1396",0.667738392043145,0.676588359372508,0.180073719767944
"1397",0.660362488371905,0.236133177866767,0.621413861453477
"1398",0.600859245194053,0.550102561745666,0.644122568235288
"1399",0.988734364336546,0.629623351856834,0.29906279547398
"1400",0.794188343904086,0.643357387998784,0.219142164077995
"1401",0.992517344525263,0.557577131770261,0.201585324832073
"1402",0.923043558717626,0.486286801755402,0.135144644041857
"1403",0.6563197902086,0.611398329637517,0.596564698724795
"1404",0.598005800804123,0.35880833891066,0.22905377508049
"1405",0.9823751219251,0.731437104569856,0.471270744405594
"1406",0.871319781283072,0.794449355319142,0.490668142065352
"1407",0.993516457348924,0.930849909458623,0.0061497544077394
"1408",0.977199836619916,0.844847820881708,0.598201587857476
"1409",0.97584935265494,0.791894129722732,0.667030484694125
"1410",0.987444900458144,0.696597101509697,0.313941649968602
"1411",0.993773020673845,0.279071207360784,0.279354418976242
"1412",0.988676441716747,0.83666427608445,0.211476189585544
"1413",0.982144147791306,0.927622962972738,0.394264201411124
"1414",0.986499959438798,0.799978716348904,0.301356556357415
"1415",0.976291176084393,0.840371813276243,0.631036960578271
"1416",0.846706861398973,0.837826150459408,0.714028724427836
"1417",0.653883589956063,0.877931701586148,0.564118432126077
"1418",0.98464243576603,0.446520175351726,0.51741191389968
"1419",0.918169188330705,0.915680718333049,0.115163143864935
"1420",0.995856620864479,0.400019079035023,0.156184574162445
"1421",0.99304980064411,0.187279307391495,0.343652631370802
"1422",0.650286266792516,0.714816554695808,0.757002460444752
"1423",0.666358755764271,0.411595354097257,0.341612301523334
"1424",0.864090274785723,0.220266739373945,0.390028308199134
"1425",0.864890023210034,0.927395321096801,0.0569616768695595
"1426",0.65971804650626,0.900180802125444,0.356092151449738
"1427",0.983546165969286,0.328514213811868,0.60573477435585
"1428",0.531630385077007,0.659792733660935,0.491069366113067
"1429",0.653525837699411,0.18947407547206,0.87407867048994
"1430",0.933906713015114,0.803677841958734,0.223297351923614
"1431",0.661073293316333,0.544132847568024,0.464016395209501
"1432",0.998556261964324,0.37946825817372,0.0732718409383496
"1433",0.976220730073565,0.506246885536779,0.777959411601887
"1434",0.981953339727649,0.777582338812215,0.465653284342182
"1435",0.99563584890779,0.491200421595252,0.1242511764243
"1436",0.828671940363177,0.890458676201362,0.0344834956383621
"1437",0.985708226418769,0.226028619596054,0.576543798811454
"1438",0.750098920130982,0.606272682745428,0.69189774491879
"1439",0.990492245531819,0.748966751185804,0.18766313787184
"1440",0.9864431850971,0.806190133787668,0.300600413497327
"1441",0.986499959438798,0.799978716348904,0.301356556357415
"1442",0.98663495101299,0.785209914229018,0.303154426873299
"1443",0.987351845632623,0.810666141393133,0.267765040776532
"1444",0.986499959438798,0.799978716348904,0.301356556357415
"1445",0.681522342549849,0.996988247292831,0.0422335823120237
"1446",0.867171017918171,0.61081456141693,0.116333925981516
"1447",0.358336216309368,0.666931349894731,0.160803467261563
"1448",0.929150002657226,0.707450971753818,0.426673911744535
"1449",0.983367330761267,0.518995794135647,0.52942263794152
"1450",0.674465414952014,0.252281007809386,0.134855032567656
"1451",0.980194762880148,0.866091733482137,0.487169139623346
"1452",0.75696734834126,0.816549421413697,0.492747798898313
"1453",0.670188019782196,0.274530535211512,0.270684960037906
"1454",0.857031163318621,0.888683045974157,0.340949572906642
"1455",0.667254504435846,0.937304944412183,0.0837545782435204
"1456",0.983265465021231,0.0773472033971994,0.723923264955532
"1457",0.992486693799314,0.939623221018998,0.0373722298813213
"1458",0.668298156545561,0.927012149897761,0.0527170760386094
"1459",0.983889496397472,0.877800685974597,0.356463927219462
"1460",0.981746456331065,0.867244198418398,0.433904859872709
"1461",0.993033662314491,0.0482959478711438,0.404319161565417
"1462",0.994105643656701,0.866389767828624,0.0139967678043252
"1463",0.662449079293312,0.668418876428505,0.363472042331049
"1464",0.97496752903319,0.710381506336659,0.732275720036862
"1465",0.660697088899657,0.169359015583793,0.638919074469025
"1466",0.980439615598474,0.0446781849965912,0.834148177015612
"1467",0.936605577820243,0.857312465400956,0.108321841582059
"1468",0.861533224899792,0.603910052239041,0.311035250299829
"1469",0.992657016824408,0.920988968702706,0.0396406584615845
"1470",0.752097977679019,0.669442266295617,0.59659499874699
"1471",0.740657439723392,0.64575295753382,0.173532136042243
"1472",0.894790088521072,0.92054843065924,0.0857220313735804
"1473",0.735088610793324,0.631303407269194,0.36915195102763
"1474",0.665122642086438,0.650721162169221,0.280211988031297
"1475",0.868720741487241,0.508294199033576,0.107980679251393
"1476",0.808687413098107,0.570370733798205,0.580016330710564
"1477",0.919421693718851,0.91939889153206,0.0709630331089836
"1478",0.982312717825527,0.463460055204556,0.589307230164276
"1479",0.832822012177954,0.928229705681375,0.199365238979578
"1480",0.991748356288885,0.916512961097241,0.0724760311823794
"1481",0.666065848958836,0.792545835352711,0.186791208217995
"1482",0.880273673602922,0.89134806702685,0.144274608857213
"1483",0.667708970237785,0.99147229152776,0.0448700626420236
"1484",0.66074995996738,0.401518393388696,0.536699822164393
"1485",0.988534844844786,0.748267390244382,0.254527615810226
"1486",0.704014049633736,0.595730392318926,0.398679541284556
"1487",0.980397706513038,0.569084219236723,0.608739630133847
"1488",0.921282316336051,0.678976163104599,0.111687730022559
"1489",0.909796674986011,0.346316223363968,0.646153458458143
"1490",0.411293674074225,0.838573129527273,0.378135767140926
"1491",0.660604703219391,0.142605868064179,0.65363284398733
"1492",0.667168940944324,0.67186165672025,0.201482618173634
"1493",0.399108518516711,0.402676923811155,0.658699778357497
"1494",0.525967643395911,0.453102765052145,0.74250970426413
"1495",0.311629148121919,0.212050760974148,0.308445900943296
"1496",0.846908316413409,0.698075093012197,0.172782030703313
"1497",0.196876446722343,0.84844639033088,0.653267061670569
"1498",0.0171256664502715,0.828930728138217,0.209981208211643
"1499",0.296641758892957,0.15153966772889,0.844270619481993
"1500",0.637747713492641,0.892388178688389,0.51172432817081
