"","fundamentalism","desconfia","promercado","antidemocr"
"1",0.360165318398561,0.536552869973684,0.145998702534766,0.792879533700814
"2",0.574472332935978,0.592163907714465,0.222324001728368,0.603093721958453
"3",0.470593548953695,0.809694381569413,0.141392667468395,0.628860485692721
"4",0.696800970271451,0.816077438723467,0.168399673391881,0.55382868476116
"5",0.249385482259954,0.480048143249559,0.328421305933416,0.6848990738479
"6",0.682055199186161,0.498783814874767,0.309909324652376,0.459702272646244
"7",0.608519289345139,0.386553923708629,0.128989083100472,0.405767380272499
"8",0.219163997273039,0.423684283917008,0.0744007068825499,0.674105954686542
"9",0.468871087873353,0.706815438280184,0.438639360406024,0.580670382276469
"10",0.382063609997253,0.539563955884151,0.0848429222096267,0.555231288344017
"11",0.378652059808012,0.768909077371177,0.531504067166585,0.461847888132137
"12",0.353771601341368,0.715420002774686,0.668297773739225,0.260463210365054
"13",0.381404200937754,0.868236280522036,0.585603241409719,0.439257624212668
"14",0.380951132664926,0.642275530845747,0.325840296268941,0.567367807557949
"15",0.356953536095001,0.760245215664794,0.533778977703304,0.502678873038205
"16",0.663439609116989,0.762183113049461,0.382404089286894,0.467798237382293
"17",0.591512728828838,0.822777666851452,0.581621248281568,0.248096773993038
"18",0.149270017192381,0.488404145383265,0.471946815428766,0.532410737503963
"19",0.292861384881295,0.542481484982954,0.290652981482659,0.565596201001618
"20",0.402961071949414,0.915378871503151,0.47488704285126,0.590673825122234
"21",0.443631631150095,0.931183445099366,0.866579635850614,0.464468278618066
"22",0.582163453839204,0.87574118993496,0.655390678258846,0.262177368069878
"23",0.559962216242433,0.774674839344214,0.758947211408459,0.297487754719082
"24",0.807747908508175,0.777851389894309,0.646039455682603,0.460845998249949
"25",0.0496272524786282,0.923051497627854,0.757634214358672,0.455854457795499
"26",0.601472683694512,0.768993437870105,0.721335376444534,0.441636426433253
"27",0.384643212647413,0.473593644258447,0.257311127387656,0.8232772959889
"28",0.219423384248347,0.724336316968566,0.764158034603454,0.258124954848011
"29",0,0.653863294638495,0.889858725040649,0.535323885644268
"30",0.515527959341499,0.827738925065949,0.601736024239805,0.25356784340782
"31",0.748618059598877,0.888144647872722,0.767341591112964,0.159799320312303
"32",0.847864774107984,0.666419215826706,0.623511743937311,0.206427551605104
"33",0.918893215128859,0.669396237269118,0.640716364602525,0.115069710903276
"34",0.878320179106163,0.990031671831013,0.638260705844171,0.139179048125091
"35",0.842078114978809,0.673295664668894,0.839044278971486,0.0685842895722444
"36",0.651025388118753,0.993924467196351,0.956911782664039,0.112570008258971
"37",0.706979091895898,0.983237180309237,0.47209401225307,0.176952499234135
"38",0.822617985099974,0.727339156475413,0.936394447665248,0.0396383607058967
"39",0.853788773253051,0.995121678766021,0.822775949003508,0.0510168000393114
"40",0.838286068020394,0.996798987216785,0.920310904110798,0.0623596067514576
"41",0.749120217377698,0.661724605424361,0.523670959989604,0.269261355277674
"42",0.426607302373821,0.918024524804495,0.530700692879576,0.526066533473833
"43",0.789042214182274,0.707524888660248,0.23493865704933,0.288943148765421
"44",0.470471922271036,0.010891337319504,0.419794928234888,0.328228439537584
"45",0.729613205011753,0.974770404155812,0.196859576810892,0.347926503572227
"46",0.635029573948937,0.666752043057993,0.833633186862779,0.265340971344963
"47",0.706573735900917,0.653000104027783,0.211241307359174,0.349636374483324
"48",0.843766787139402,0.656056568023961,0.498134350886877,0.658025442617494
"49",0.969290620485752,0.982656881422214,0.334798607486725,0.270234640463586
"50",0.551050949913036,0.65611022587664,0.408308391174934,0.278052071093702
"51",0.555786555829456,0.595850243775173,0.242557575631298,0.643060938893179
"52",0.541088110414828,0.48662846467273,0.398370969076067,0.644299917590981
"53",0.563745875856855,0.638184776091539,0.24037155553946,0.614671300903915
"54",0.559117038279981,0.53803621367523,0.340196231344258,0.606379922619524
"55",0.674275281948089,0.598735528827455,0.200771938821143,0.52406975287434
"56",0.546848242299395,0.929650816086524,0.707282297458827,0.443892856807724
"57",0.504430713770715,0.681843265219561,0.0325667582888248,0.776495190699428
"58",0.821722430487471,0.892084619832481,0.911555731993814,0.175692761377229
"59",0.714898464050226,0.382919337491351,0.291498258999633,0.467435090039236
"60",0.536187355885149,0.706462930942057,0.467344029884185,0.698570864940339
"61",0.932093313451932,0.754365032273506,0.0703418348570965,0.613028082876122
"62",0.930382467196691,0.99077690230381,0.652022587529346,0.159073842988782
"63",0.952574273275822,0.98947805696913,0.543990301159734,0.117782997445561
"64",0.294381306336262,0.973317611150116,0.39654235934755,0.300694112475251
"65",0.526676681326666,0.979701009422639,0.518123915744386,0.284776126329365
"66",0.568141561571004,0.657283960389573,0.73608677636095,0.643260602716118
"67",0.686679672313045,0.927545062468847,0.597166726598581,0.278000690673082
"68",0.910932336460618,0.665071964926509,0.542190799554459,0.238768324955287
"69",0.89624249652636,0.8138191571698,0.462485747199215,0.44291341092195
"70",0.895024805852552,0.66171620513812,0.250818904776491,0.233325119677186
"71",0.642435514615116,0.66693116877871,0.815135865763871,0.237636611354903
"72",0.824783214259205,0.668933325592244,0.769210670359503,0.222933432299274
"73",0.916124070321063,0.66535989562316,0.573507845744968,0.266398203536364
"74",0.637145879965593,0.64165075901858,0.19972838763125,0.672141308199858
"75",0.878979976366348,0.975988801993217,0.431863799297199,0.709991740849104
"76",0.91124258915215,0.981357436635803,0.443146381417127,0.434264044239909
"77",0.625187079777405,0.669995941577955,0.918372568722603,0.172269759838591
"78",0.909534744035713,0.977447222902826,0.178010528363481,0.325629542616312
"79",0.826882856192967,0.996065605126025,0.935678530693551,0.115418231354679
"80",0.563743789168445,0.59365082372562,0.0811407913081467,0.506805529609151
"81",0.863422328840763,0.88343906521453,0.710690403814253,0.127071712569838
"82",0.758693937937855,0.986317581790909,0.553886945304224,0.14487516847148
"83",0.859236990957321,0.652748641860621,0.155816501122272,0.430142630136872
"84",0.678092186461029,0.65995493266551,0.552027979739456,0.347209086786476
"85",0.782233364701025,0.868661029586137,0.358070235185297,0.206067179553341
"86",0.761684111317143,0.769812518705595,0.818996254358819,0.501222204005327
"87",0.757562524915284,0.665789366996318,0.361642802020404,0.352730909248982
"88",0.790760349816553,0.55505401187846,0.321252544641029,0.23553613040629
"89",0.68309862053628,0.982832879467971,0.576336019349345,0.313088063684615
"90",0.622496041351638,0.65633773292316,0.345386682086992,0.247863958619091
"91",0.748415294012851,0.871830064850006,0.50421500238179,0.449712751802382
"92",0.874090218721787,0.871366594077754,0.422885202079969,0.210425356340824
"93",0.549656299060881,0.644929590974158,0.0821152160004167,0.523560313842646
"94",0.897471977416064,0.929601607853625,0.451077324149586,0.157257874101361
"95",0.900218432472644,0.928330961817288,0.445530307500332,0.228118778117052
"96",0.878556914654321,0.937429418774596,0.643552027191128,0.196706755396835
"97",0.775471400896018,0.430695563833176,0.178165358979534,0.362911219373895
"98",0.952374199684544,0.940901635551813,0.66604957879201,0.0851933066053408
"99",0.795384574643952,0.338517553163589,0.898432108276169,0.0797341897624304
"100",0.85243471795116,0.817853146778327,0.432285467675365,0.307782565949737
"101",0.457055033800237,0.991214553185933,0.939638036935917,0.0780197976878116
"102",0.927176102633982,0.70075270980908,0.0786313163136856,0.614777616275243
"103",0.89551696328155,0.706904776416098,0.116693274875458,0.269617108272821
"104",0.669507242792658,0.718748097820428,0.72433388492351,0.256744134112268
"105",0.886932673496707,0.66641260931219,0.617558355078257,0.23413611228044
"106",0.746776542354024,0.720374803233925,0.94183590019392,0.0501420963863093
"107",0.572017084106616,0.764910263888252,0.69222524921808,0.278173507812605
"108",0.350438402807599,0.96865251055031,0.242505820629093,0.430823678474039
"109",0.845708312991203,0.874730910522032,0.568753120711901,0.171884809242728
"110",0.300985988743837,0.659494375918555,0.702611089027554,0.230130870032978
"111",0.829549857905747,0.981163305993169,0.4193515087016,0.342276395865819
"112",0.848522178881614,0.991779822941569,0.78343916742572,0.194528379341964
"113",0.532226553932423,0.915936014120894,0.437291828931895,0.625033099075832
"114",0.698457610969393,0.924374152821668,0.470096708980555,0.589356096615151
"115",0.75395467745519,0.756322449149511,0.204527578644633,0.669265136431959
"116",0.483769658307785,0.66266841887183,0.824532139611628,0.361082034027337
"117",0.53406552174655,0.877285920013211,0.878427264706619,0.412935140759609
"118",0.756523114758167,0.666204040096838,0.628423640926699,0.143816282986821
"119",0.715428223369848,0.985252953411937,0.542534717724223,0.154912267217953
"120",0.819049574009014,0.67533410484369,0.931310951890744,0.0449915758436615
"121",0.846312036292518,0.985673783439594,0.495130341241211,0.186259854379041
"122",0.661625445916809,0.979602536336041,0.457201172521816,0.333309781011779
"123",0.714703014958874,0.972854011410248,0.333703948053445,0.623681342344392
"124",0.499384618161518,0.971442422720111,0.44779086214621,0.661076036563675
"125",0.550716747777242,0.937746740523647,0.926955552981221,0.247519655027448
"126",0.597351155299525,0.668423120107292,0.906673069564043,0.225859965129693
"127",0.346512989641937,0.375320965982593,0.259414309137067,0.641094373780564
"128",0.296783287453595,0.157441441762105,0.21787915391317,0.706755805584275
"129",0.526529020195834,0.993721818965431,0.987971230242132,0.0530421757420591
"130",0.661718474508389,0.995823163027699,0.97720612955464,0.0352886480193573
"131",0.817990057096571,0.442487007162365,0.539580796858152,0.412809125379615
"132",0.412706086998371,0.871637292892215,0.562444988233553,0.510587132193478
"133",0.670845673379418,0.650397026084253,0.29975725548974,0.585701887450531
"134",0.763819103830988,0.926734464011138,0.408447154550221,0.428616435018355
"135",0.774927023871013,0.971836564005184,0.231276729388899,0.606857370304718
"136",0.626079095090834,0.819871049411027,0.553880778297866,0.483614031396981
"137",0.606037300690482,0.66293295183384,0.800879806190233,0.424423007344884
"138",0.670581703852617,0.657362641460763,0.43529566783065,0.345078124401952
"139",0.544557140663062,0.984343304154838,0.622042271178885,0.157955105836068
"140",0.813855242988261,0.988602375572774,0.603359853661236,0.121777135331971
"141",0.719741367221121,0.664667816162115,0.766688351960593,0.379238767583044
"142",0.743335950837775,0.980007697033003,0.501321601804925,0.438796981287906
"143",0.846896202291624,0.987242977469011,0.577868214021988,0.199468237062653
"144",0.721710182703908,0.766190949622144,0.550597989746933,0.497095610943666
"145",0.72997151251924,0.973875484038562,0.314259247039011,0.551739845615207
"146",0.632323830694054,0.879602962131034,0.843798719908521,0.318782785231705
"147",0.716790200252073,0.661057351848875,0.59337227087572,0.369241875390388
"148",0.541592502660951,0.666619936045161,0.899682818036827,0.274197451482258
"149",0.499842107098189,0.974951117876206,0.297397180060414,0.260427221063157
"150",0.448804463254529,0.77479644520126,0.846389325638379,0.120380563784441
"151",0.422170171517846,0.868869934529179,0.460267076905043,0.62007379746802
"152",0.7366119690496,0.981200589824568,0.502997306666855,0.364042735416176
"153",0.722155184465953,0.979953397661545,0.513383225809147,0.438524860024531
"154",0.548168589813176,0.918877212124993,0.338870914456721,0.613587449540076
"155",0.859912922494415,0.763361879576011,0.283622207050497,0.446981475783336
"156",0.598670181946429,0.93533509026496,0.863356534994978,0.35228509484038
"157",0.592089050083103,0.665080015947517,0.867286188656522,0.369385595300956
"158",0.768203530998995,0.979049406946402,0.475251313412164,0.484602304201603
"159",0.542459135115842,0.98056142255052,0.480722491376225,0.1998740980253
"160",0.459951606119715,0.990409080100058,0.907312057714677,0.0870859486549158
"161",0.512442086255236,0.596131089920519,0.487388934249551,0.55859170852228
"162",0.406950279879427,0.48611459903038,0.387825304578437,0.541374236384983
"163",0.475675517089702,0.0063235987471298,0.430811408796773,0.618420398362217
"164",0.401517328515731,0.66325360327491,0.865965724121918,0.305799430949767
"165",0.574549772206583,0.863689355359247,0.445550028546536,0.52043717696766
"166",0.962854853664167,0.986619253564049,0.429258200123943,0.149960786759986
"167",0.848870113579344,0.980156058438957,0.368469596875723,0.354262330748129
"168",0.684173540476429,0.664707298061883,0.776750376692949,0.357967243282249
"169",0.59590061236684,0.666972553563366,0.764432640615398,0.128643113845558
"170",0.73364731063332,0.93760550579721,0.790969786522741,0.245397244469008
"171",0.49328795081572,0.765911261202845,0.492976497797476,0.418091290846538
"172",0.578675097021268,0.664885939701486,0.785631996983845,0.264376003670157
"173",0.647057250673908,0.703298833316704,0.273640272465488,0.462646971079597
"174",0.513042771167054,0.920816363779923,0.387629751445067,0.529370824721459
"175",0.273538342584123,0.493359924293413,0.404880063274654,0.538271222149769
"176",0.798066762877749,0.593535871108712,0.386874646542869,0.657120913141663
"177",0.694830336688829,0.94234871540396,0.892235224150789,0.0584782692196649
"178",0.536333346248961,0.986630160595392,0.713820475908055,0.132214971132964
"179",0.872235715677668,0.982091030379907,0.390477160076901,0.28835185231341
"180",0.225597221540441,0.54721561706249,0.728260880101627,0.441925683832017
"181",0.594568061685962,0.807317801916855,0.371912574682201,0.443496897346625
"182",0.679309623320043,0.433371031082565,0.363516483788462,0.355241810629323
"183",0.45866348646134,0.983081382146624,0.631643679805983,0.16842209538778
"184",0.55087933575671,0.659621223504635,0.588738043206524,0.300274860690619
"185",0.686222985689038,0.874015067706414,0.552786302453133,0.326440985738059
"186",0.670242794287227,0.80817665771915,0.369031852735258,0.456447799903741
"187",0.560374616897147,0.657648697784979,0.436244367414974,0.230735984626789
"188",0.66048188915085,0.766475430202857,0.435590573275669,0.278183945369048
"189",0.584617970854555,0.655506556918054,0.363165127047997,0.286144126762648
"190",0.621835561677165,0.821979374907168,0.337474424964991,0.352545912054602
"191",0.750504706198372,0.992615977462154,0.841259493594039,0.131214189169652
"192",0.552383175187447,0.450728788933894,0.749078342044154,0.228836975032973
"193",0.484192216727363,0.716796209591846,0.847261162388587,0.2493663173465
"194",0.564339810776427,0.765609751141094,0.559026110162707,0.401687421167897
"195",0.619104283905869,0.717595208864675,0.721441123184897,0.436533039559964
"196",0.686027937428826,0.816797486516795,0.473512217232095,0.367140846341116
"197",0.712452275130308,0.603115118065303,0.348025324613991,0.236666451903969
"198",0.749330986823335,0.835562700080551,0.796992051018336,0.2477345898994
"199",0.664503727765553,0.76937819564803,0.586686597798418,0.302743108736018
"200",0.264701568257168,0.366054021725964,0.137706477452695,0.620292256039413
"201",0.488270870836179,0.971602806558706,0.556887791674608,0.781289068503752
"202",0.388216148384079,0.91455418631899,0.350436648422573,0.742241792699949
"203",0.880146023070294,0.338806054997318,0.492084873451499,0.418130359219094
"204",0.358451562294712,0.869413938413863,0.597515633470127,0.364001995087321
"205",0.375417845182273,0.973627328744693,0.529563530562207,0.52507463302577
"206",0.898451954000266,0.767406704213392,0.39546415743124,0.384284498306074
"207",0.717633087445824,0.875195006546664,0.579975258163858,0.319225822516485
"208",0.134092265514527,0.859240783608661,0.502952604158271,0.646813066678474
"209",0.14936317165555,0.85986648840266,0.472158115749738,0.583860091988621
"210",0.93932382267256,0.873209682898626,0.413133000643751,0.421842572648465
"211",0.606293485876501,0.654449926935736,0.332760694098652,0.32938929778779
"212",0.867325007170772,0.663641405885841,0.481810461083261,0.207471642510947
"213",0.678733565171505,0.654598923856246,0.345893142312414,0.402132647362942
"214",0.914083978640763,0.661496081300546,0.390024091422664,0.259252939129639
"215",0.922522877852555,0.661341972902371,0.437943070623662,0.337310851605854
"216",0.841930933304034,0.661531268814987,0.502364273873758,0.336470709920731
"217",0.927109231726154,0.983022363624847,0.400602429132084,0.295045601308194
"218",0.942950967144585,0.661804289979753,0.386010658527451,0.2616150719023
"219",0.945892720099718,0.659208624345262,0.341867448096544,0.361971824146787
"220",0.746122692224343,0.657685943186911,0.417493532967727,0.370629502329254
"221",0.49068489900787,0.65301276717974,0.512155257827038,0.541090928862371
"222",0.447644351732605,0.928276004880041,0.570080808982045,0.261205131413223
"223",0.506461268391703,0.819436508913804,0.683942861733104,0.319158812811131
"224",0.667460851252526,0.709625109430381,0.63324671196555,0.222896640805026
"225",0.588661353923547,0.489256962120635,0.437934757872743,0.306215620711998
"226",0.545347937005438,0.98277859911976,0.586378027155263,0.205980514541829
"227",0.326400570824802,0.487301920485042,0.538876426157233,0.317093328619257
"228",0.387923858085291,0.871922330059186,0.592860859650019,0.235340594488953
"229",0.249886466290021,0.86968797060452,0.64832387982044,0.315680688547226
"230",0.567380860174158,0.490809308791254,0.510693083721028,0.28809422212761
"231",0.720159173775671,0.65617524525219,0.377781099917867,0.38633609343164
"232",0.735395353340093,0.981386180207003,0.486901359657769,0.331317676651805
"233",0.898860115394297,0.497839097635057,0.468728215448816,0.388156729371878
"234",0.692788486409023,0.22333381681372,0.554109445612384,0.241215989320301
"235",0.877620622420759,0.663412074690321,0.442387047486945,0.179830860580049
"236",0.905962895100008,0.655109459688154,0.312168157578566,0.531825814229369
"237",0.737619907166356,0.660050380792398,0.512385295641411,0.344016138506729
"238",0.816503823514046,0.339549305586774,0.518298519609267,0.350610955387442
"239",0.743288430538347,0.658474089055406,0.449124120525622,0.361758381055079
"240",0.955262753291652,0.662745943731693,0.413343828287398,0.251664788465954
"241",0.115865927017715,0.915627516884419,0.373151767396762,0.463980778325568
"242",0.0722852705412171,0.865136108356543,0.670961082935849,0.456325534156447
"243",0.268894692157507,0.646545814842207,0.315028281994297,0.474643912463367
"244",0.14061278113244,0.866783454418433,0.539783983613202,0.251585754214088
"245",0.835971524926355,0.658773886472523,0.529791156195726,0.347682694977065
"246",0.831831475870952,0.808962673141754,0.238460313374411,0.662159367132697
"247",0.177810818278508,0.862490435545778,0.456586010399703,0.433437524573704
"248",0.152204482249018,0.646026376318272,0.417398984859795,0.532225742272251
"249",0.207574926534014,0.964670750294178,0.291011708910471,0.601777792347507
"250",0.134884729862732,0.38400506820949,0.520085868153581,0.45197226350115
"251",0.393217766235186,0.96737751260896,0.365121554496504,0.70183833051248
"252",0.384315409916772,0.972957142234093,0.402704526167459,0.410432446579219
"253",0.590717690194281,0.978385932524804,0.434618967146093,0.313279245419224
"254",0.963037579292083,0.98739806401353,0.53025691406572,0.233158274891191
"255",0.52134728028225,0.976819405387624,0.520107689583963,0.453786471457365
"256",0.376355931253141,0.654453298376449,0.541843080902679,0.391255310028962
"257",0.895053777439501,0.603038675604485,0.460467007242767,0.455815222667398
"258",0.375140606365569,0.654791253510851,0.555406204046025,0.387451393644514
"259",0.542007482110385,0.975439548264251,0.454271871288051,0.469966382109981
"260",0.911607622154979,0.762185107569481,0.447252807700254,0.430157572765832
"261",0.650586076466982,0.646248942275215,0.31530144997138,0.833981619088112
"262",0.531483804437898,0.656014062670488,0.497394963235538,0.380329941436218
"263",0.717262601456192,0.656980718338066,0.410107079139107,0.377269942464536
"264",0.879283977421126,0.440020585125119,0.400698335932869,0.36897095991824
"265",0.894200264722452,0.65302085248442,0.28984392933148,0.616837011413222
"266",0.68001120069256,0.654243641504465,0.331634627505723,0.406131593440319
"267",0.91487612701594,0.558240080400248,0.42312821965649,0.355040103355753
"268",0.943341540548564,0.664329333176259,0.4571283057382,0.202971920685642
"269",0.577362611526483,0.656352047463842,0.479584868868548,0.378471713668818
"270",0.965523879006032,0.9876086940423,0.488728875555622,0.169694692531534
"271",0.494408329800918,0.986051673817681,0.719920673476072,0.136907853279193
"272",0.902302011082797,0.874267135927642,0.521935647164851,0.465201779687112
"273",0.903228217624126,0.332387404114334,0.234485732387404,0.490376668786384
"274",0.948437421114784,0.932890401652626,0.541233647409537,0.122834945152467
"275",0.942813318436681,0.498764439089247,0.274895919939773,0.374131254794659
"276",0.835370369853037,0.929353492275871,0.586676424320703,0.29007930615568
"277",0.899965987304593,0.991011392316994,0.636901919168035,0.0985782360137254
"278",0.946353859358857,0.830368244377193,0.564913280046904,0.160375731601685
"279",0.886345882804987,0.604933395323155,0.463289599540333,0.339049808492907
"280",0.936658651780656,0.876123535202498,0.465512440524242,0.313370527484066
"281",0.977947247913192,0.991152972155681,0.590293250470832,0.100228028759108
"282",0.948213133534838,0.990690794058924,0.592660970177699,0.104132811322292
"283",0.966558412764357,0.985082457933475,0.413029825644191,0.223817386651189
"284",0.760040270719261,0.877487284483632,0.575283854054015,0.214927536946565
"285",0.858456414555792,0.989295642717909,0.599808274100936,0.115919961487194
"286",0.948213133534838,0.990690794058924,0.592660970177699,0.104132811322292
"287",0.93020476587691,0.665743826409914,0.539582193616243,0.212739008434422
"288",0.977251499153993,0.986981153764823,0.433324172534792,0.146536026411576
"289",0.962384441964816,0.986750064716444,0.434508032388225,0.148488417693168
"290",0.963080190724015,0.990921883107302,0.591477110324266,0.1021804200407
"291",0.339517424010993,0.329057401290055,0.448921199154042,0.458685619928171
"292",0.460556599245052,0.768922825969572,0.742570751921705,0.186941287277406
"293",0.373275514288101,0.983944706946864,0.745019101767845,0.185918098260021
"294",0.494366158400467,0.225678251029095,0.557041197865991,0.270692998952125
"295",0.497555252221418,0.821941157942073,0.763621185115279,0.171714880273741
"296",0.67526911749592,0.977099079838318,0.46081520943137,0.498904011791008
"297",0.640101886058652,0.65480693227009,0.475119866414028,0.520679616372677
"298",0.534728338729423,0.654209813687347,0.474966434966502,0.461730796037155
"299",0.660956436150729,0.976876607840685,0.461954924482167,0.500783600597252
"300",0.916132948420098,0.982032041060052,0.48650652911781,0.454066131480804
"301",0.739183194025975,0.658713649760731,0.50871962345027,0.420154758525009
"302",0.90476808057824,0.660109870245288,0.498915810148194,0.472715930694697
"303",0.722536345151671,0.653710175506186,0.378813145744381,0.536267735281962
"304",0.892735285075058,0.659090635328413,0.468469082443733,0.483539443250465
"305",0.884863658905537,0.659547923770083,0.467059849193295,0.447521613128775
"306",0.840582337586642,0.981214550952562,0.505988951528321,0.460024171504317
"307",0.761106942300989,0.87413715184365,0.32605874847745,0.438351523032563
"308",0.875688736963941,0.933861705112377,0.510827430228931,0.236215140789343
"309",0.96558867027268,0.817010261206759,0.416709511324062,0.164032225847443
"310",0.507901876240837,0.978668048334565,0.706004483234586,0.569922186181846
"311",0.656164194362834,0.925782708355986,0.511956556985504,0.246337669680228
"312",0.515956624219727,0.987931188218507,0.77649263692972,0.116922340468379
"313",0.505607882393169,0.981637275053084,0.629139338395257,0.293012671821136
"314",0.569234081566248,0.712748939373598,0.516010775681776,0.41689533198859
"315",0.396069847585605,0.984605047851146,0.730842682941443,0.148912121971564
"316",0.96315775429577,0.937902966072374,0.545704245119725,0.118945384331809
"317",0.650517319976121,0.654083355931125,0.381518708321701,0.453149320580565
"318",0.488853439195357,0.87505799855792,0.4501319867951,0.299012497564494
"319",0.837232881229702,0.97951230805931,0.467892675202157,0.509406142060942
"320",0.403317917964512,0.972406949533165,0.405566091339721,0.463784867799749
"321",0.891578476270181,0.927658801512355,0.533097726450083,0.372451842485328
"322",0.894449792658355,0.823304562944064,0.237725891340739,0.389883359929738
"323",0.781210222929499,0.656330061119813,0.438153741544273,0.233943802348886
"324",0.528904101296818,0.925708880760001,0.60907516481444,0.261262318932154
"325",0.731737462230265,0.922031683277228,0.40332298449107,0.397734382278857
"326",0.600663719130351,0.992019380123134,0.874337126528161,0.075014696136777
"327",0.891013647266664,0.667341427268599,0.506640089834174,0.383065083007601
"328",0.856379694303675,0.876965034827232,0.506517214481425,0.244072401024907
"329",0.90507500710158,0.979866107140046,0.420086604444787,0.487844487757498
"330",0.795560343217576,0.482111668375374,0.368733778261901,0.644816312907316
"331",0.82009365409781,0.866727084472604,0.455959421556315,0.572840697936482
"332",0.730634107334636,0.761075749285441,0.375529797990358,0.584892753862018
"333",0.744312198789501,0.813012376798517,0.378697378610758,0.52279432071748
"334",0.661328670999,0.756793256611473,0.188349463734364,0.720168095024074
"335",0.732137357541419,0.865932005313579,0.380962407884385,0.445405445336337
"336",0.262675495844555,0.873765443905663,0.599855706449125,0.365249751072603
"337",0.884975653891518,0.656488029291449,0.37901059103303,0.51671876579929
"338",0.650693053076989,0.721072350100661,0.639557566784655,0.153317212662783
"339",0.604977158956738,0.762095966821814,0.351532830083136,0.381167703772705
"340",0.75828297513838,0.926014194420993,0.51201679043191,0.32398377990721
"341",0.597620383249609,0.71145612804608,0.546265130987585,0.282752711953031
"342",0.684600243907616,0.983227675682557,0.593821091952719,0.313357672903401
"343",0.559371723578939,0.441144981966723,0.438526511084127,0.406978838005143
"344",0.461319881724371,0.495435878093642,0.560739266083994,0.257480209110986
"345",0.945341593262837,0.879851919688879,0.544656819260547,0.200912923309923
"346",0.828041519203975,0.920218421534714,0.256051673909806,0.678139787732074
"347",0.361311988544302,0.74825883424108,0.34050704187277,0.628910960047825
"348",0.451702352499806,0.807560091525671,0.292762133005827,1
"349",0.416722420799758,0.916153082949762,0.24037333269334,0.531802061390298
"350",0.370252627684788,0.530082415149522,0.300538770051245,0.859349571135938
"351",0.670777750256502,0.660028673895781,0.4967400766573,0.265497689328934
"352",0.456175895925456,0.982718387365889,0.64351264816365,0.202964535367514
"353",0.441136143983489,0.659194521044063,0.597926710778022,0.239252651842052
"354",0.404994441176997,0.323160325102489,0.310261178634839,0.690135751576185
"355",0.753917217426325,0.978796917157597,0.472491030824159,0.483295873297912
"356",0.911958977620558,0.983699647843022,0.507984735861844,0.378737162522783
"357",0.572011430148401,0.975255736964961,0.460043446533262,0.515111378641322
"358",0.5843105917005,0.56420078690251,0.803963701038833,0.125411217957185
"359",0.593865145648936,0.816365721351252,0.649267262570155,0.260316766119302
"360",0.933294335739222,0.716084690216999,0.366656992768104,0.353024944060029
"361",0.0542823177093629,0.696065386378756,0.452186997385232,0.590971903410955
"362",0.688894067078571,0.604561608475535,0.466126593107331,0.280853523522931
"363",0.639784572721365,0.599270548976982,0.601556611284512,0.449660492012666
"364",0.661353546927905,0.937548167706446,0.821845094998737,0.22368352343034
"365",0.800630039322732,0.881119694504924,0.63932241959771,0.459854720618685
"366",0.597406019713123,0.646289763051433,0.226395994541441,0.48773710889184
"367",0.746061171955736,0.815488948799169,0.404460431927871,0.410176396422004
"368",0.555182142165022,0.765348693222879,0.784542252797276,0.355263246420545
"369",0.684835199575761,0.593291030788274,0.262626872360527,0.411326170202533
"370",0.399773281643427,0.927102806284044,0.82104868584714,0.334349153620126
"371",0.691937795857781,0.926607068929235,0.582176641380946,0.319249759008723
"372",0.927634712243798,0.338742358028528,0.378364165546476,0.318781840312199
"373",0.521235700761132,0.876557444241858,0.726784161318492,0.25059351169712
"374",0.432893091684068,0.322875182899724,0.236681245069323,0.637821435303295
"375",0.257487195689398,0.762626086975414,0.55880428085783,0.304286435048089
"376",0.229193606087492,0.119694029542639,0.669576759564056,0.392450140192872
"377",0.581577671112045,0.220188411563755,0.375036249499377,0.441883787320206
"378",0.60984337471763,0.876935580052963,0.654525987227339,0.214848947701821
"379",0.607352346600889,0.7706223655951,0.57085984582374,0.339864585038611
"380",0.542467202073094,0.337545865459295,0.521668997096635,0.228907883720234
"381",0.930639005130355,0.985899184801895,0.551047206794125,0.319872596843441
"382",0.71021203943469,0.226670352781739,0.494916002154854,0.325227036560348
"383",0.897831616214316,0.449100561629167,0.516850882060631,0.337193921204218
"384",0.439299508361987,0.87785866761478,0.633067618055682,0.322491802853783
"385",0.674388215641883,0.891832089618832,0.911714197293514,0.0591410295701899
"386",0.782692301464249,0.0151384742041665,0.45174688081618,0.395974984602597
"387",0.84757104673779,0.657263396038165,0.322426027121661,0.364744135688298
"388",0.582938918634358,0.871509366402547,0.571269847043663,0.4066383748684
"389",0.894478973175955,0.733797688226425,0.70692457854093,0.226315340987108
"390",0.448274201974935,0.88070618999222,0.701849182829403,0.249371407970637
"391",0.443861030208832,0.823217476531458,0.697970103123258,0.306283637316223
"392",0.360594666939619,0.983566607207886,0.774645243157289,0.234977776785866
"393",0.865438751470439,0.658012959412215,0.35034526610834,0.371927668671369
"394",0.454716126005594,0.756409181673631,0.260944432099762,0.468735666956989
"395",0.517493842530346,0.769533878137104,0.863997493606872,0.174588938586302
"396",0.489245699494265,0.49331129097538,0.570748729007507,0.421521431637562
"397",0.922320105022048,0.542887665060577,0.375126031885713,0.345134071176702
"398",0.734113859470025,0.549666308675147,0.756316712511782,0.262066055117401
"399",0.889824552188945,0.725539028339668,0.776306783225614,0.276831958059089
"400",0.512092714748901,0.458784857892145,0.698406453921729,0.174120750954085
"401",0.339970334965475,0.820350599052842,0.74746128329416,0.447101814432911
"402",0.847836388724451,0.542536540364632,0.184979791483902,0.398422111366557
"403",0.538127764141326,0.662558471872817,0.769046053797067,0.345186137955706
"404",0.72343029330189,0.501683635214675,0.645802795127168,0.229530143301081
"405",0.698078963276456,0.718036444261208,0.68502867393907,0.341659838525697
"406",0.518038022335813,0.818071198782825,0.713173964263782,0.448070283676129
"407",0.726044349857177,0.646168454253162,0.224585193770445,0.607668553809976
"408",0.726462009116965,0.491603082780472,0.307604865857673,0.398255226335754
"409",0.871418067517026,0.819273926263705,0.698020609034627,0.398136659814403
"410",0.760056710148009,0.827034370879141,0.651680930632897,0.302975684301203
"411",0.765542720821107,0.882536256324267,0.592241749950404,0.284018403606813
"412",0.911326528888314,0.439445739553516,0.361245365871902,0.381272472777426
"413",0.433029226179772,0.327007014746026,0.329570561590968,0.511344346351562
"414",0.484226927801757,0.274569417277843,0.564738814782137,0.374068336712689
"415",0.954852542130386,0.772262126942375,0.3861101213192,0.31664770927083
"416",0.536617242916966,0.88450440420013,0.726971824184711,0.1348373090852
"417",0.804862948687903,0.430481106584073,0.206248740364762,0.620326048019696
"418",0.746991684442419,0.993937012059977,0.849218721997365,0.0597619390714271
"419",0.90722252882198,0.729747068285265,0.589809118130133,0.328466754329194
"420",0.882122852649122,0.111136055386447,0.0833717659106855,0.734363965668868
"421",0.632867242631362,0.769767730206607,0.738426516080056,0.445583728256012
"422",0.502203664904763,0.764752082837362,0.627412168550269,0.484643540799381
"423",0.650279188409635,0.931521737883493,0.776685127858513,0.238984833404342
"424",0.9007918265987,0.320878305780776,0.20363806724408,0.607701257185487
"425",0.68332622182013,0.759025521682692,0.552606993486789,0.548651488258257
"426",0.847349381167194,0.486803594450227,0.0863689455443411,0.575708647894009
"427",0.755467823937091,0.645236166030424,0.283941783057298,0.422891620340064
"428",0.859593492069933,0.869225128119418,0.260114282132447,0.391399848704296
"429",0.837252396145017,0.890014685880633,0.77886289913525,0.142691183958006
"430",0.722415967269157,0.872427855659916,0.637773583021313,0.37951132474211
"431",0.472841096939769,0.866859828410646,0.454033805875245,0.434368480158011
"432",0.884345359877749,0.986624563759813,0.481761993419039,0.146657646123466
"433",0.653024408822106,0.596757787042865,0.503111440465775,0.484774607359084
"434",0.933706240876723,0.445662634846603,0.303856804762355,0.300864171909584
"435",0.66426981061242,0.493917132064929,0.388543027832133,0.308756147471944
"436",0.637799689448826,0.884996264234605,0.737481622829949,0.209552732047154
"437",0.827767375633521,0.827073210083419,0.770448346976068,0.263457031851645
"438",0.429094967128865,0.71018232084928,0.556748486672369,0.496246414126588
"439",0.814287645204393,0.77748647087278,0.792883133943497,0.218873148257433
"440",0.395670617132181,0.977717121163831,0.495087959249202,0.256013839334001
"441",0.427673340287025,0.779451106400172,0.920144600776958,0.101746577880425
"442",0.850750800885462,0.886711949382818,0.704590920796857,0.255930249045369
"443",0.920849343824648,0.118012444922491,0.156870549810309,0.454478831826454
"444",0.834455715351816,0.985486054841816,0.608321373242913,0.33173694422603
"445",0.60880966399209,0.974655554053138,0.365058853017163,0.462071399268241
"446",0.917082168919647,0.547369813007966,0.515512360492992,0.346506199830535
"447",0.437560010780233,0.887437211949113,0.903640070668348,0.0981691290329329
"448",0.749453916285807,0.826184331896779,0.741257175415358,0.20886698433561
"449",0.625148556922067,0.86902286257357,0.303315883795767,0.591556648339265
"450",0.172738058658296,0.711146448999462,0.468807461955693,0.346927084139193
"451",0.934821021049614,0.879126691024373,0.684506950995762,0.231228695059123
"452",0.582845309797187,0.449717809062722,0.702169204628008,0.256095439458331
"453",0.848849177752851,0.492148087787055,0.290870150290226,0.453893316488311
"454",0.256039644263608,0.882876786308602,0.924202636023485,0.233161660449516
"455",0.696421654519377,0.885695021549559,0.68934999541017,0.158829855446839
"456",0.817974518683891,0.768088172596098,0.677402377541525,0.290310598724651
"457",0.326565597434411,0.600156211002067,0.688637397039013,0.410842803069532
"458",0.447049693030451,0.887584716704944,0.902884409766872,0.0969229124714002
"459",0.916344194170288,0.443317743291494,0.456200774602125,0.27724629708152
"460",0.564891296496388,0.316622305542205,0.18354049468247,0.534482054834776
"461",0.606165574831643,0.592442113092097,0.28161579365219,0.348331282532632
"462",0.740577483196736,0.701493318348013,0.0452491556343223,0.636240376076037
"463",0.689471892737599,0.809263996501601,0.42243949421605,0.752499861577722
"464",0.901513575697737,0.536864898703897,0.316714898855329,0.427207460144508
"465",0.366595023887827,0.973819433280676,0.476160243841156,0.437393639815256
"466",0.465529533259208,0.818380724698291,0.624922185235365,0.519553809631251
"467",0.926809100727966,0.645898859584386,0.0691246206051298,0.604188270911341
"468",0.467424918964181,0.594993699444723,0.300424896730278,0.439200429346165
"469",0.796762431590592,0.826858500030661,0.70385728074751,0.413056769916826
"470",0.80572894709935,0.875972343687516,0.600052910068607,0.377523954786216
"471",0.581720453601291,0.979117719355554,0.483351895022051,0.324142709122706
"472",0.389770173758975,0.970811082168068,0.297761174243113,0.408473499717582
"473",0.630308374101439,0.989605667784301,0.787411176699471,0.133662397983056
"474",0.76653269008166,0.888197967830976,0.713185661222962,0.103313117103647
"475",0.934740272411188,0.986997267543503,0.569430305517394,0.281824746512389
"476",0.884674788311756,0.353193304638612,0.725804795577219,0.208964618001346
"477",0.552044225539604,0.96587863219707,0.278839911170122,0.822475266086888
"478",0.81715907129539,0.659090298049259,0.630344902243093,0.623230060297106
"479",0.635494505822356,0.655537566563787,0.521722084745738,0.53280935402732
"480",0.888683289920834,0.660612504165626,0.525012580539072,0.461875883552509
"481",0.548721129840651,0.973518377097645,0.50838663626666,0.65942017530391
"482",0.740720777742839,0.980339821119629,0.519184235687552,0.439592581479555
"483",0.935185149333903,0.655648146693676,0.273995186981627,0.477073406096646
"484",0.473163653988764,0.982973406028336,0.701175630991737,0.276831493148559
"485",0.917373120036719,0.987349580805632,0.634941977328592,0.329235574337753
"486",0.974443314481745,0.982494742040919,0.313710783128781,0.257477784581276
"487",0.940286464076429,0.881652738048262,0.612395373547796,0.176109595785402
"488",0.83115673034648,0.93713911171683,0.839057497224149,0.146795402843477
"489",0.937468557614234,0.668596133696912,0.598147743655711,0.124724098467957
"490",0.264803840572077,0.978908801095239,0.6511527699601,0.267983503725766
"491",0.371029232785381,0.980817707533373,0.687868127904763,0.296554636342687
"492",0.366523718888642,0.983736401508904,0.785889585094602,0.244587007907
"493",0.569635010621688,0.985216405714639,0.697640277452338,0.225291262103859
"494",0.429406783000708,0.665948811833044,0.836718520668069,0.13313406375559
"495",0.776908768573674,0.983445001770789,0.492705746354582,0.253531339978987
"496",0.822581552852391,0.99222671815516,0.837908638683107,0.214513582695368
"497",0.568204405728323,0.671435043281561,0.95128568666014,0.0779333956906509
"498",0.823982368249696,0.667424385510382,0.688890963859894,0.209046850189171
"499",0.335482453383435,0.710255457608138,0.73578673778439,0.362326211834647
"500",0.888244242589593,0.662653724345137,0.418215469094427,0.385876990767118
"501",0.882785177374974,0.658394266040001,0.400998657500377,0.429636084941295
"502",0.0907625792455839,0.652695790500125,0.606426754135898,0.322977341799604
"503",0.879888605055495,0.659199739125876,0.433324636721616,0.42056993397419
"504",0.148171435134618,0.656760760798486,0.606055167704429,0.407374266748807
"505",0.428286123855718,0.871165264906142,0.339994527718416,0.33515407627127
"506",0.403899981340838,0.651159194381683,0.399182964347632,0.428981379614376
"507",0.423528061546945,0.804437096484383,0.434894417368341,0.542357991663735
"508",0.451581360835688,0.863614893453624,0.427396445652526,0.574077722782957
"509",0.458643659473327,0.817189511741865,0.384151064288821,0.550998951975141
"510",0.407547000969823,0.756515118842,0.287579748092081,0.45435974525686
"511",0.908204581504014,0.874910306919645,0.442271858030319,0.33026277816396
"512",0.925441022801121,0.980852602780121,0.343743296728025,0.349689806447475
"513",0.894345389639142,0.660446931288899,0.422938717579324,0.346087809365836
"514",0.619105791142035,0.974191968415345,0.292884883725221,0.406419105314514
"515",0.790118246764034,0.979264819012556,0.370390553009236,0.357141071519281
"516",0.915660602222079,0.983572322737389,0.4528935742084,0.319077496547573
"517",0.434286161979172,0.744405916199712,0.217373649246449,0.94790266904686
"518",0.71193537936157,0.658462101692744,0.469559304647037,0.360595958728536
"519",0.955364283511322,0.93089848820339,0.369833916971881,0.30303360783932
"520",0.737619907166356,0.660050380792398,0.512385295641411,0.344016138506729
"521",0.825697097364094,0.764580283671834,0.245206730067658,0.477223761442758
"522",0.524768180122593,0.87289379773947,0.582588210373272,0.286839323628934
"523",0.65843697830361,0.93236403886271,0.587507525045915,0.229101927250281
"524",0.727330483241934,0.494080774674105,0.586946345260499,0.334364692963802
"525",0.67759473766298,0.601973910647629,0.431321431793835,0.287297564823497
"526",0.549954341273114,0.600296964223113,0.497306137554341,0.357283452603937
"527",0.486815122629242,0.867288292301591,0.420246965754313,0.378145282665211
"528",0.288430288395131,0.594785597805333,0.375084863910486,0.294423530147523
"529",0.650470105149206,0.328125047118622,0.313767966959292,0.436701440032088
"530",0.704175254960834,0.712297054049025,0.296682809607157,0.283608586665822
"531",0.372209146846424,0.985100200565613,0.789334571489812,0.173039866498886
"532",0.897714843412458,0.98465827913571,0.541276549442429,0.351658221030347
"533",0.563995965792185,0.984477545804192,0.638068048212928,0.187880738530809
"534",0.832516281634522,0.663920671548319,0.559772155842183,0.259565692737579
"535",0.725905086939185,0.821184541881366,0.698916972982042,0.155615608664057
"536",0.692801405653724,0.988911320932965,0.719575339084559,0.143956897962804
"537",0.730412046705229,0.822564908522272,0.724095418498472,0.109856575667561
"538",0.722188252291128,0.824851764962826,0.815873623227642,0.0841164409644567
"539",0.713153811947657,0.881707900741654,0.780917287100207,0.185474616908708
"540",0.683317914729072,0.82256487886332,0.755468636008808,0.107910887050513
"541",0.547859901484039,0.665221250685715,0.798491768959778,0.233357511283936
"542",0.616969457141825,0.665358980353903,0.781558294850501,0.265296890188355
"543",0.635904888381074,0.666661361057871,0.853538083479724,0.296997771296984
"544",0.629495830039314,0.759103971274186,0.403945807621339,0.647998327395045
"545",0.2102293655067,0.382220983407877,0.271675402712336,0.832234582929048
"546",0.246657282893866,0.765196558530643,0.74628826859311,0.381899396565858
"547",0.861355793119987,0.983683009334959,0.469338580127589,0.284990696668632
"548",0.638706986348911,0.914720508653835,0.35593083766471,0.688317883403253
"549",0.78941029159125,0.926134944703162,0.41615662346818,0.221910506778038
"550",0.744280341798804,0.818135817974274,0.500332384751966,0.374046248025071
"551",0.829695232155206,0.977233018653912,0.410810494889347,0.565024354088561
"552",0.595948960552777,0.75449285264168,0.343352131173515,0.471939086186243
"553",0.898849900139578,0.817281739024945,0.59302950196622,0.406626919474436
"554",0.764271463112249,0.8811581273948,0.517171875715078,0.26865945242989
"555",0.712621855680557,0.833924351267929,0.85482404679772,0.111219499464149
"556",0.156684790783349,0.268726524960924,0.317425010447989,0.979111915805949
"557",0.408941546568238,0.586915565408665,0.355848805533956,0.777837447096279
"558",0.896188206150337,0.927535952168421,0.501918234628073,0.619042557933618
"559",0.695592680397926,0.70128670607267,0.355817369310364,0.730836681923134
"560",0.167438946991507,0.853732077886732,0.240157094841888,0.667513115588984
"561",0.778904325526796,0.974967686722064,0.403393702142575,0.644721055880794
"562",0.466864182221783,0.601934319294373,0.634983724130498,0.70444189289325
"563",0.639590604543258,0.552611560546875,0.61185083716926,0.342465217974778
"564",0.769746459916667,0.876874037953661,0.501442099172408,0.165505757091009
"565",0.734123743808662,0.984742136161278,0.626766489666426,0.30983298513445
"566",0.295491231889651,0.378320639380584,0.402777573707136,0.850597392281497
"567",0.317896785891326,0.437238482299322,0.350198745018939,0.83499439656263
"568",0.205324548578029,0.962503589410355,0.369312485882318,0.828799416683105
"569",0.595615504846193,0.695939521601556,0.249744967474791,0.823368051076845
"570",0.662721127321794,0.973589456159696,0.36064161784285,0.567980616177576
"571",0.772058037775774,0.657011911427114,0.315422607097383,0.303190222532545
"572",0.930434255601544,1,0.955808362587567,0
"573",0.764739394381663,0.932098330078181,0.82578003176309,0.369942030942227
"574",0.730234826242942,0.336935976342594,0.266822593177542,0.381865696908427
"575",0.78141320462756,0.874851212289799,0.533310043867744,0.154516632428379
"576",0.461370753191917,0.644759659947744,0.303502377333013,0.738158511844278
"577",0.69551695901068,0.707262981728817,0.551148767591203,0.625728010965575
"578",0.643409426016878,0.379626692308806,0.417914230458256,0.693622582619919
"579",0.769092340329933,0.939474748505002,0.758216281304298,0.124081730930286
"580",0.758807407846834,0.990362953714621,0.813649070713053,0.237171902814815
"581",0.782978631862514,0.768228434819141,0.712346521008228,0.295419712739955
"582",0.715270817185523,0.829392571358861,0.748800743040131,0.179738374923909
"583",0.735790712466123,0.822800857566786,0.753326289698946,0.138071543327425
"584",0.141589512353454,0.602255270853598,0.80261539369515,0.266616324416865
"585",0.830519227436089,0.986313775486011,0.589159698285495,0.254496324891213
"586",0.319542718219671,0.479069777385488,0.342701467912593,0.731403342825318
"587",0.41169878485954,0.439848365454024,0.535796536772789,0.476505181281162
"588",0.527463719421895,0.47862813320941,0.196753961249743,0.849386304442729
"589",0.726144796219576,0.773540565538665,0.831960979903804,0.0820739249700016
"590",0.670157615062214,0.933718397431939,0.841137945939585,0.208750203424956
"591",0.908743539932282,0.166347231833984,0.231298212123801,0.399507026972761
"592",0.177353209943713,0,0.307653742560575,0.569718994076626
"593",0.290358317447224,0.978821443837463,0.725634779180331,0.391391341857569
"594",0.545247176892952,0.496311932057272,0.355589875187409,0.542731359074995
"595",0.435067230341069,0.654235251627625,0.482964471352177,0.381332564328038
"596",0.729085988268965,0.776501413321239,0.655849233950615,0.20819084584846
"597",0.684852438152787,0.826878836283216,0.742360237494535,0.111235952094103
"598",0.634964859588521,0.337958091319054,0.737566559320644,0.221069646034484
"599",0.753062482031399,0.758707337981132,0.291533928879928,0.638146507957349
"600",0.665654880135874,0.921204942505049,0.416148666875116,0.404186406975934
"601",0.689528539789245,0.232383238912544,0.458720402258427,0.445821435598138
"602",0.855430775099113,0.769251869390479,0.425612993979792,0.274764715771586
"603",0.84057565413128,0.927226661948197,0.351975609260057,0.395707857416565
"604",0.787811291089226,0.391039598327891,0.359353016072953,0.412069433853175
"605",0.788807017089563,0.159387437197176,0.160934235884707,0.615735962332035
"606",0.288948732466417,0.472769266042963,0.202262510212949,0.71620386627982
"607",0.319513972080201,0.377319095265795,0.192595565854266,0.595090004921519
"608",0.707293117961404,0.497206273014969,0.22996429994087,0.656087858064067
"609",0.832377169496913,0.548504499918047,0.357536581386654,0.433319972445119
"610",0.355893962542816,0.377662537337574,0.582719375250586,0.489135625312279
"611",0.967941490274302,0.989570062569696,0.537224617750884,0.117396085578492
"612",0.948213133534838,0.990690794058924,0.592660970177699,0.104132811322292
"613",0.957186330292175,0.988195545301041,0.492519375239732,0.132218544211636
"614",0.963080190724015,0.990921883107302,0.591477110324266,0.1021804200407
"615",0.918483688747502,0.547555984630795,0.52115413934343,0.251260545424776
"616",0.963080190724015,0.990921883107302,0.591477110324266,0.1021804200407
"617",0.963080190724015,0.990921883107302,0.591477110324266,0.1021804200407
"618",0.909688586405166,0.988307751241781,0.528396934021272,0.129009567089308
"619",0.963080190724015,0.990921883107302,0.591477110324266,0.1021804200407
"620",0.906925872994107,0.333597722455635,0.257373172381877,0.451065529950052
"621",0.963080190724015,0.990921883107302,0.591477110324266,0.1021804200407
"622",0.950643783309982,0.990014883790121,0.565534723891008,0.111740644091188
"623",0.971303985138116,0.988635026666749,0.499698905595095,0.127920554743804
"624",0.963080190724015,0.990921883107302,0.591477110324266,0.1021804200407
"625",0.933698497210804,0.779158436321541,0.571983674165307,0.125907200233313
"626",0.959192581096911,0.934264918921281,0.585938889920689,0.108012486519323
"627",0.974378836822231,0.939147920523958,0.585209754696328,0.105581243896873
"628",0.957483692288861,0.877377484195138,0.395369286596764,0.167671591464309
"629",0.965510840499158,0.990245972838499,0.564350864037575,0.109788252809596
"630",0.941263131257767,0.82300729124411,0.370203034391688,0.343942444089571
"631",0.959511779633055,0.938916831475579,0.586393614549761,0.107533635178465
"632",0.912871521171737,0.98257027605727,0.472706930556628,0.40149697655078
"633",0.949059336047165,0.665372993018088,0.468793727441018,0.161002753204984
"634",0.983639676759268,0.985204742005918,0.36203159850134,0.166530756798461
"635",0.958515409479503,0.989557595348452,0.566943957141447,0.147758474212877
"636",0.949897187211462,0.985416115810376,0.475754399347697,0.269399630119282
"637",0.945201124005305,0.984990350001236,0.438905628931505,0.243321180084119
"638",0.921157389178328,0.979759241054023,0.405339621448008,0.489696012860354
"639",0.897151593186267,0.334077179786342,0.302301348104131,0.471357086864145
"640",0.957767980013038,0.983161593213088,0.346398069780897,0.244789359855021
"641",0.953881656906829,0.989114502321932,0.529399795061909,0.121875053870643
"642",0.977251499153993,0.986981153764823,0.433324172534792,0.146536026411576
"643",0.948213133534838,0.990690794058924,0.592660970177699,0.104132811322292
"644",0.927220577445253,0.985118136640974,0.499939921571243,0.297793092885655
"645",0.768699695576745,0.987900491376894,0.606955578024173,0.127707111652096
"646",0.952387104334378,0.989023187275954,0.571182763433665,0.179461780280314
"647",0.963785653786568,0.879990338066384,0.48977258108036,0.138910806667263
"648",0.948213133534838,0.990690794058924,0.592660970177699,0.104132811322292
"649",0.910633523585252,0.336471070952496,0.3278886259304,0.373920118534864
"650",0.902361091749595,0.332233434696784,0.232840019199058,0.496643584122229
"651",0.65076005876546,0.867289187454227,0.287149726273007,0.35429643550088
"652",0.781081596467755,0.766371930570932,0.29472122795748,0.394253353185673
"653",0.750038885723127,0.975628489067508,0.15627695210878,0.263242201829341
"654",0.648604906542884,0.884497056016224,0.744141299945819,0.257407541763554
"655",0.487338279299726,0.921055465290301,0.250830702776747,0.317023693633915
"656",0.651451325865811,0.827956229029176,0.908409742425648,0.137285063541972
"657",0.736053760454274,0.996978608269591,0.971286830287474,0.0255266916113962
"658",0.665958505000636,0.841178858524716,0.960883194092391,0.0492785791701632
"659",0.250322738288457,0.987696066185062,0.988819629271623,0.165191609836524
"660",0.711165236276746,0.788199467255158,0.930769912013553,0.124103589421173
"661",0.655477778677896,0.886823192075553,0.953021290233214,0.0502778460201926
"662",0.34276214709509,0.882319280488936,0.991389100863544,0.0873811835237449
"663",0.453738301064858,0.986643531891543,0.828706914254047,0.204650978503678
"664",0.729691284397422,0.727738659866682,0.882729442750039,0.139172529556774
"665",0.327895089905913,0.882088191440558,0.992572960716977,0.0893335748053371
"666",0.340845746235581,0.770211205355593,0.906388990550292,0.21306855719825
"667",0.563839312358576,0.782162811493344,0.931762232760708,0.0772540690033307
"668",0.441820431577825,0.771602693607016,0.673899538702755,0.265501667259171
"669",0.177195905301507,0.875101630544375,0.655819306729506,0.281057003310596
"670",0.746187012002665,0.784164968306878,0.88583703735634,0.0625508899477018
"671",0.613032213228862,0.873922098351268,0.518358174295737,0.222430895596744
"672",0.580114475164649,0.871270473824817,0.547400204788,0.387746836518672
"673",0.529269801521909,0.76638439602461,0.624910659778981,0.24858862414995
"674",0.411239986849244,0.602018361161223,0.49850667742922,0.407564824657648
"675",0.404804811840978,0.651537884027333,0.464278040373572,0.49063206029214
"676",0.5860439129901,0.605812828146752,0.47742364723344,0.311415743763768
"677",0.579075078380317,0.5561096134708,0.760263046564646,0.270498009150266
"678",0.704929318415697,0.660015235164581,0.536424598838763,0.347648262449213
"679",0.751236790273267,0.551161175120558,0.515447524016371,0.222638365027813
"680",0.801176268964618,0.661271405389457,0.504585351481646,0.318309710132973
"681",0.532865682570719,0.72254538392043,0.674175538445117,0.25456254536421
"682",0.364057064550494,0.369358176764437,0.326854148396682,0.479886882941418
"683",0.555620516305413,0.507366875991827,0.638361318120376,0.257126624024594
"684",0.288601128486884,0.484885648767703,0.405169614302194,0.530770617787856
"685",0.48256444448723,0.382402236132512,0.299703988823669,0.575982089608354
"686",0.576369498306428,0.652105214549469,0.299647440931087,0.581993202369697
"687",0.378535073761264,0.323960361586263,0.246140639092207,0.811923580858884
"688",0.496575355499479,0.885853852163499,0.828482375707211,0.148807685430293
"689",0.302773321628775,0.644117169049246,0.388064301558147,0.467684612833575
"690",0.900546371752565,0.511485791263037,0.774335348951051,0.219837395921152
"691",0.860472034360732,0.820618313972758,0.361370316111266,0.402344593568503
"692",0.726552565051513,0.806832361083633,0.105892992003447,0.707296406194103
"693",0.482589223727144,0.917943356057319,0.376429018581159,0.65852098095368
"694",0.401847600203376,0.478067485586974,0.450365936862135,0.570159399960279
"695",0.379581695384994,0.535001504223938,0.459860410287698,0.711969344318476
"696",0.595550777358019,0.698639859030122,0.212255068915164,0.889933737225505
"697",0.82409906912722,0.874486703392656,0.392314704147004,0.491345419792131
"698",0.631005174444882,0.872206705422291,0.487706750173831,0.643683094718254
"699",0.554777094363403,0.872074468796094,0.513176883582205,0.615981148297642
"700",0.469594903410535,0.484266784682724,0.238699340557338,0.766096501634891
"701",0.385466556411384,0.856389045911888,0.195172489484017,0.647011252760793
"702",0.755222957180835,0.651820091523068,0.37418975931767,0.489466805236921
"703",0.675154815874687,0.817096590206324,0.391190547526692,0.41667155987897
"704",0.186178649773927,0.917009586282811,0.402374588363457,0.482148885465447
"705",0.367932048543888,0.857379253404324,0.122359090236061,0.754349918747201
"706",0.59053400239341,0.918931536234101,0.300323189005686,0.598891938929694
"707",0.590371226863615,0.667303280799722,0.419831059599854,0.462839295157255
"708",0.577215823781171,0.58387395179595,0.0825394646258467,0.644107191341992
"709",0.368184967629871,0.642482265567154,0.202710665458057,0.66110530714376
"710",0.288016509964398,0.757850535947734,0.309031634845453,0.410603881852423
"711",0.655281690106798,0.766266927263289,0.720659937841716,0.12599574109457
"712",0.23545568109928,0.987464977136684,0.990003489125057,0.167144001118116
"713",0.924684428218901,0.718979145885013,0.648554680821367,0.259164967882271
"714",0.307268376051871,0.767575070844882,0.93013087901409,0.187658669044598
"715",0.15398967470668,0.772710535466056,0.964080037840183,0.131366642293768
"716",0.576148885679543,0.78197900625203,0.916625247648785,0.0798042644029142
"717",0.54911672279128,0.550530674668148,0.428900279005032,0.311026256016022
"718",0.450577194838839,0.665811292874814,0.933401202476504,0.101597384015952
"719",0.655665439574413,0.770840958929054,0.559308721612112,0.172862375865402
"720",0.545241177263878,0.174606481244365,0.635558796448411,0.443713913461074
"721",0.419918454045563,0.120988225188937,0.324418123265573,0.319272584890873
"722",0.486724829880856,0.666254651579057,0.926050574045257,0.0981666487986943
"723",0.586551624796527,0.99465479220969,0.983191646025762,0.0451598081403415
"724",0.528266735468196,0.559621891827946,0.74163412012296,0.152553520883287
"725",0.558605146755777,0.941557123710314,0.953116675025771,0.0616414656833554
"726",0.64821940240471,0.778778716635083,0.908051021836531,0.141023571004055
"727",0.358057788542476,0.496733938788432,0.829490583445817,0.157004982134445
"728",0.600319321315653,0.990826298466903,0.829543049507492,0.0882521260059377
"729",0.500721370964427,0.557529333445545,0.681017758162337,0.174657521397001
"730",0.764089875752473,0.99371044854295,0.829277960593134,0.0629849290285326
"731",0.301873112034744,0.982157450289664,0.784498357752841,0.278816336918268
"732",0.459837067202027,0.876351952734205,0.712113325880564,0.189111981686371
"733",0.563072004496176,0.556664828763115,0.514789542649618,0.251388428353151
"734",0.412267130890663,0.98181941231331,0.781463483178482,0.393743565772218
"735",0.647313944217413,0.984876792573325,0.597627651352103,0.186889125628107
"736",0.45734033644689,0.874906513764749,0.694676405788901,0.250447516097344
"737",0.438126860933902,0.878056794971716,0.76700256160072,0.138665627631882
"738",0.889017356380268,0.653724712909695,0.247290825739081,0.515892677323481
"739",0.520013367527467,0.9854582951286,0.704380163034522,0.175170027430209
"740",0.319056429994255,0.983917165004872,0.780100761209561,0.183983574527318
"741",0.530949608605313,0.977610786957235,0.48421843932204,0.369395808235963
"742",0.886047784907172,0.870609405570297,0.270818891890583,0.346504283053708
"743",0.668281325135269,0.776256892653606,0.698666470851274,0.223164866071672
"744",0.882393902253306,0.497716176748432,0.0680097078214538,0.392591335751169
"745",0.767572770489739,0.540610392868629,0.244994119527632,0.42528193945457
"746",0.835050892970675,0.985893294436215,0.618093152554078,0.320580736185443
"747",0.853196844666785,0.983876055312186,0.502382262521685,0.308530197758261
"748",0.44184437791649,0.984003653787682,0.855722449688863,0.385475865437884
"749",0.889133319323132,0.595934606113773,0.0776105630266925,0.382481079797393
"750",0.849037947083782,0.664822270666475,0.574002385925149,0.23898410818137
"751",0.67707931334475,0.882037719724247,0.874016182830352,0.0703842009910277
"752",0.859424986372152,0.668471881075605,0.645451804016259,0.122879276029645
"753",0.715042666128351,0.971823206810976,0.119257790908124,0.410672614563788
"754",0.889398286230383,0.97868143832707,0.238001321391233,0.311088928986224
"755",0.572010761139934,0.75571723048472,0.42061531131159,0.659127318728589
"756",0.422977620787257,0.989787424091457,0.967841398348117,0.168460407096738
"757",0.337641426883811,0.595862866951848,0.315247505244281,0.472893199837497
"758",0.945235340109695,0.866805430966993,0.171103394998991,0.497812022153642
"759",0.209828385317362,0.65294316126799,0.647203447308251,0.46696673218766
"760",0.830189701117976,0.994244028925506,0.912554610761171,0.197014115648545
"761",0.651619560504866,0.984497919490932,0.735458728750231,0.389726393870939
"762",0.838219902936949,0.992913021652042,0.809156180461973,0.150902716451379
"763",0.777095107467267,0.967896713978757,0.0971142748240461,0.671142555716924
"764",0.9011256614916,0.975999895265089,0.321888399463568,0.588329958231233
"765",0.896241328213276,0.978325964443334,0.404134866964852,0.55104212555036
"766",0.840683106987272,0.654767498782122,0.312506497352521,0.494199988061891
"767",0.500188501244448,0.663255010827707,0.735727226965504,0.227206012891219
"768",0.958185445516613,0.607204221211698,0.246561887153213,0.265954919800302
"769",0.937483772753321,0.553115856779426,0.500129430681725,0.160771967275322
"770",0.963215571260606,0.982153655104288,0.260498872992115,0.199575480194729
"771",0.507126954583112,0.916400247767568,0.198259446960094,0.544042617168859
"772",0.688792495427696,0.543013171029891,0.400538145150034,0.228768063872481
"773",0.566408665015317,0.595464416501553,0.105395072582214,0.774959940704367
"774",0.388740382399392,0.752251199055181,0.365717773125374,0.448476470896008
"775",0.424469648007088,0.330122767460413,0.447652883257058,0.469726157365872
"776",0.173698795701798,0.798345584039167,0.27350300046281,0.749368494367239
"777",0.491175209014252,0.553586627236474,0.463248637212318,0.486449003916545
"778",0.560272633043015,0.708050805574317,0.383282545443731,0.243035137618279
"779",0.747189683672528,0.701486893322283,0.229222169997234,0.535597967378497
"780",0.772577744362418,0.714392808372855,0.52540631335991,0.238001050836624
"781",0.747296546311061,0.818379898543646,0.462850511233692,0.221589875726889
"782",0.530614509932039,0.6639857145332,0.778478469882508,0.265731372068417
"783",0.542577876771116,0.54449793407217,0.438001683193581,0.240173725540238
"784",0.917011132438139,0.662479570074873,0.488131683727528,0.329040300830399
"785",0.506158345521698,0.659422201502944,0.646467367262836,0.34602154839661
"786",0.628298580280105,0.988043870943301,0.86089930768089,0.318764120494023
"787",0.684936054112445,0.936369516227732,0.673188830952393,0.124480900702075
"788",0.404151953571786,0.866710445779479,0.588185227972688,0.55357802991358
"789",0.602046105527823,0.545422290265684,0.433266243779848,0.232364160413869
"790",0.416365024105146,0.653590549276231,0.486218100452519,0.407083784716681
"791",0.908542003547815,0.337954692018614,0.337449422719435,0.296128150625446
"792",0.381235452339441,0.717173132172026,0.695836209240028,0.21610508610153
"793",0.614209314948082,0.98888355537625,0.874475862853393,0.273649465540378
"794",0.500906803024531,0.992116212648398,0.944449847584414,0.0698170256567956
"795",0.668705531011158,0.877367340607968,0.727258097213901,0.152525902422076
"796",0.452428823618125,0.442803916011509,0.686516409392175,0.187786060075412
"797",0.518150684457086,0.546762531652893,0.539734683159829,0.214011267062612
"798",0.699331243153082,0.780211548248659,0.871451608811971,0.237157445701331
"799",0.567294211182262,0.552466941297191,0.50138347634237,0.487455182695846
"800",0.677105939447044,0.813833477002761,0.305783549687599,0.502972547732853
"801",0.934810933733639,0.978642134592183,0.250497247242687,0.370036254934156
"802",0.980598783209512,0.975799014217773,0.14181176018663,0.440778052606584
"803",0.940380562593719,0.88250887240462,0.42552490069265,0.16114723925029
"804",0.912227451845148,0.927230072540562,0.37566225914089,0.214821863155848
"805",0.717232332740495,0.974519773910567,0.387706110107048,0.596098900534272
"806",0.909884121242016,0.336679463269826,0.336252016139196,0.371574520348625
"807",0.53119529324687,0.9925870077959,0.94203798307491,0.0658394406182624
"808",0.912643887966254,0.342907695788763,0.593371862498031,0.150711051479869
"809",0.886867018123714,0.442339331000945,0.318438928428982,0.475130212705327
"810",0.919060905918341,0.985701515219528,0.423801097141835,0.158344537615322
"811",0.913854214258792,0.345714981912828,0.582528463262803,0.153519210811125
"812",0.941771302345526,0.996847416526016,0.829286012355988,0.0354844850967004
"813",0.856098969655659,0.998844554758108,0.961727661854733,0.00976195640796105
"814",0.920821451924706,0.565248288823937,0.692436542403621,0.106281741994667
"815",0.736053760454274,0.996978608269591,0.971286830287474,0.0255266916113962
"816",0.974153495248751,0.979112058894674,0.138430764702006,0.23381072765476
"817",0.932197551246588,0.990779084592245,0.606662462181399,0.102490366780976
"818",0.964295515611587,0.990583927972901,0.57791398718092,0.105984336425148
"819",0.764905942912304,0.975859578115887,0.155093092255346,0.261289810547748
"820",0.938342756432539,0.980339656469925,0.2086141001256,0.218695928295705
"821",0.876488943754764,0.983541954225654,0.418487271576444,0.241798649676587
"822",0.537866066939817,0.990569235491448,0.861448880010554,0.0885266608387595
"823",0.598669941050865,0.342071888734432,0.791312494452877,0.355454670032075
"824",0.378777138427472,0.605602333243896,0.373323054416697,0.280368723594008
"825",0.789218741719729,0.977756912002109,0.330046369832499,0.394287697213221
"826",0.438645691604755,0.329030346968461,0.38544749051712,0.467674875916846
"827",0.490061511311045,0.665684268308374,0.786326927535413,0.138578738907604
"828",0.869547768517561,0.441829276388973,0.475427045392232,0.530892759769811
"829",0.728266942116152,0.651609705206502,0.339962866249142,0.616468879436782
"830",0.3698825588185,0.552143495251909,0.862334697590989,0.449787696360386
"831",0.259638875869544,0.913257846015016,0.339355006249956,0.690100466899071
"832",0.30908305076338,0.969901191391854,0.449878409693473,0.585148311693112
"833",0.590353618742426,0.976799927878485,0.55033043711563,0.555352090482427
"834",0.453958331584125,0.971384898255597,0.389029545151815,0.548634347729875
"835",0.940257063252209,0.603037753663417,0.355837574763941,0.362332575481214
"836",0.561575643864682,0.866075735670308,0.428272589949024,0.527334245205209
"837",0.678245714936535,0.43680580537776,0.34699399727555,0.653945125046108
"838",0.527048964223209,0.865537332033513,0.523010098409885,0.649748708658553
"839",0.7179553729319,0.973615411762297,0.345146933448662,0.5959955304136
"840",0.590353618742426,0.976799927878485,0.55033043711563,0.555352090482427
"841",0.609261148001735,0.973186901836811,0.440422282744272,0.646240261011263
"842",0.515921124356043,0.807937358470656,0.394655361547852,0.547894606802783
"843",0.881889465695044,0.980585264156704,0.475045590702345,0.494741425001152
"844",0.607531791430041,0.974503985059605,0.404423655107749,0.520336325104404
"845",0.930551090803353,0.97841777068237,0.336921812069055,0.490213334584063
"846",0.571579944268375,0.979734955036649,0.477953762926388,0.271483905678855
"847",0.840887802908335,0.971451019732469,0.264837489261893,0.731726342242615
"848",0.882420541847894,0.483276921131316,0.156434925310637,0.563863044414547
"849",0.709024550565501,0.979127628268639,0.53161501192907,0.499195814587306
"850",0.877436267210624,0.981823600759294,0.524743642674789,0.48080309883725
"851",0.155165314042338,0.42959361792112,0.493212480126518,0.459454836418797
"852",0.77265777768866,0.986521523423009,0.635547091503997,0.249797906758321
"853",0.674262130045967,0.770218418374938,0.490717260673575,0.32109527719317
"854",0.29534966792715,0.979145259657287,0.639726268381092,0.26661934904175
"855",0.765817036853887,0.215003859136949,0.157485045675104,0.636193402461418
"856",0.824031322453248,0.989696833286994,0.721148974163011,0.216652317183316
"857",0.831371909200234,0.99419359517685,0.82659704676345,0.0910122151995338
"858",0.72139623851596,0.821536338186384,0.763016817177894,0.212748697628708
"859",0.739498319110794,0.777311622874928,0.69981064320109,0.225642857936582
"860",0.811988143681635,0.776863530423845,0.712902193698805,0.266460490701968
"861",0.841798588420043,0.983839261322988,0.537697228773062,0.345738848449094
"862",0.948213133534838,0.990690794058924,0.592660970177699,0.104132811322292
"863",0.927403234412747,0.336679991111836,0.280367357104274,0.31565834021749
"864",0.791122029426507,0.659369219300575,0.347446933945641,0.221160920256195
"865",0.915337708687733,0.665512737361536,0.540766053469676,0.214691399716014
"866",0.951373485689908,0.979560636164012,0.303234732819572,0.397789748438514
"867",0.888744904778131,0.989766437865411,0.597396409591432,0.111942376448661
"868",0.799133059453998,0.986589309509095,0.537200441552536,0.143528085731211
"869",0.928737810803785,0.606747921799529,0.459289713371925,0.264013180260796
"870",0.930912667782039,0.764717757991097,0.458236384466533,0.310984673973332
"871",0.739834340513468,0.381975377147219,0.28211131927571,0.466411263322613
"872",0.726196239413666,0.649142231104536,0.293824397764955,0.634771408523811
"873",0.637330637120663,0.605584965779776,0.332440356309582,0.435020670109512
"874",0.540402958848231,0.390827063047628,0.221484102381477,0.551838330209257
"875",0.287509582721419,0.595192703940899,0.336264863695524,0.744622408834178
"876",0.62735001670341,0.333752449702459,0.502486927636357,0.505678752785525
"877",0.699328665701009,0.448065002211893,0.475328999829632,0.350476509069849
"878",0.700090860165314,0.0086029740167568,0.352198618365151,0.583013178070216
"879",0.703632739259208,0.337506925969456,0.52520691554484,0.379881948444164
"880",0.66619253316759,0.0109645815132175,0.448778845653998,0.536018591010063
"881",0.737004332358085,0.761699883382043,0.556349657274828,0.349866991113887
"882",0.909798188040136,0.660054212376761,0.362377380295331,0.305704222421238
"883",0.57096537635662,0.318547883491908,0.54934259461109,0.618755940151789
"884",0.769973178433015,0.65759166497828,0.338689804446481,0.296664699444609
"885",0.603249363925873,0.663691867007546,0.847337142716868,0.436313809645591
"886",0.881623406892637,0.767770334370326,0.292885304893659,0.398718484438651
"887",0.613188861843031,0.879975466393148,0.770600865201421,0.185815504284074
"888",0.782889821728788,0.967686598034926,0.0869374337909137,0.675780741697949
"889",0.637180008260479,0.97416391528377,0.434782202705683,0.605928730516839
"890",0.597350618246932,0.651162518420583,0.306714500026875,0.483394367124471
"891",0.61672048370058,0.547571065696507,0.516552819894427,0.499523721913972
"892",0.863807798191458,0.657113603221966,0.305956269507058,0.367078830524717
"893",0.736446864313548,0.439663068116241,0.494751626752106,0.200468972335451
"894",0.868602405650833,0.662779272188747,0.492658233560466,0.273734460501864
"895",0.744241718912699,0.985023128991258,0.642166112899734,0.321900738240447
"896",0.537981644081459,0.32505567809023,0.3127373764046,0.699607119821193
"897",0.859778110942862,0.817542748371109,0.439589825523697,0.342147048180289
"898",0.688055188841471,0.973133585856668,0.307850353327864,0.550134997088206
"899",0.907207318083344,0.651603005587857,0.128445609966246,0.506076370278891
"900",0.836408366787102,0.982882157735532,0.527467158272356,0.384695202546296
"901",0.670962200367257,0.545188288266326,0.44666681681743,0.325058640927336
"902",0.952029970986104,0.599303040623769,0.171610422389892,0.358916746049955
"903",0.868772092771876,0.666195361434428,0.669278935984197,0.297025508911131
"904",0.628690844337435,0.346111857821635,0.787482639688217,0.137327589424274
"905",0.663873878510878,0.596120845003811,0.32317413296275,0.484372844961757
"906",0.754222460423772,0.603331555121066,0.479325558762174,0.336611326888267
"907",0.829196703119467,0.170456003358457,0.491301369373386,0.484503989473831
"908",0.697955030579208,0.645502215958542,0.0491603924700508,0.579962340991781
"909",0.816366102566376,0.0166778388983356,0.428047860675184,0.304271086688391
"910",0.865161478731753,0.975742573658557,0.270743590655892,0.505974805869676
"911",0.785273905823002,0.987312718213681,0.617966129171997,0.191554676500214
"912",0.535495460885463,0.924244664781799,0.585712451592044,0.324254023682266
"913",0.847599456676025,0.659954977077995,0.439103098757968,0.354212952469081
"914",0.512468894749366,0.654204100985562,0.397526707851174,0.343013370414861
"915",0.557663296550353,0.654357020019703,0.548071315316673,0.292005249684967
"916",0.924564590610261,0.981491417366524,0.364847257657611,0.337965626836045
"917",0.227414752760288,0.96821866888725,0.224826068633159,0.323947903366085
"918",0.530099874510835,0.658408853241965,0.529332917222948,0.277676103063388
"919",0.746517357119277,0.664621130510853,0.575355008206751,0.160984339806205
"920",0.65954486489077,0.447760486988863,0.56208444443964,0.261641688621972
"921",0.89061925140889,0.815580594498531,0.359433827597127,0.476358726254905
"922",0.643444192914001,0.920777400518575,0.435134456164112,0.434038187940514
"923",0.357928533115431,0.754845669712544,0.320794050415488,0.666747490490107
"924",0.776585168021407,0.981601880359826,0.491510535849716,0.361237334477699
"925",0.889723151685813,0.884661221157356,0.497648800017985,0.147686529367611
"926",0.633115996005276,0.97846704771993,0.34129069193567,0.226882612087569
"927",0.568230818573238,0.97322881140619,0.358574599627496,0.502262381478717
"928",0.789370563947436,0.93325651014523,0.673832003531392,0.403687503487456
"929",0.93782563472631,0.984776354581852,0.495937590696861,0.32246285813269
"930",0.777654081070599,0.933113670770449,0.53278652786484,0.22110938064382
"931",0.526834461505715,0.597974200429993,0.532668693501494,0.795000726841042
"932",0.144041322531795,0.927557982388494,0.87589581604959,0.148823428053684
"933",0.705598990161148,0.669461611147839,0.84463765373871,0.18152738535287
"934",0.921701681945037,0.979081130849876,0.304907060863093,0.401889560694627
"935",0.912037187967172,0.99638523842926,0.831653732062854,0.0393892676598848
"936",0.927761421301281,0.879819098975343,0.726875996372238,0.238017015195066
"937",0.730836954421409,0.934021713252935,0.657599897226933,0.285086608685836
"938",0.550022187302538,0.760040747404286,0.429299202639955,0.55371937271234
"939",0.912574528036669,0.97595678749786,0.244490967103356,0.502034191078314
"940",0.885321168400662,0.934159210161624,0.778986381032435,0.29540008329919
"941",0.640241481417535,0.764993789311747,0.393149430756834,0.476217695502629
"942",0.711607177764905,0.981463131198254,0.56500969651567,0.405477509229378
"943",0.546818801849298,0.752273286133295,0.367977901738459,0.31633843423729
"944",0.629066172390714,0.979086297377514,0.411590689920805,0.276471446342486
"945",0.785978625553537,0.808788099819031,0.342049154726304,0.396409150683147
"946",0.233761270011149,0.583898844110897,0.279580559773591,0.770188362008667
"947",0.57618545965353,0.869979854438402,0.533172959116349,0.442710996763495
"948",0.964508578483455,0.770083912765179,0.25324433988162,0.284606087871334
"949",0.623032679308263,0.985636287254904,0.618555004214261,0.146836587577243
"950",0.475262609998097,0.648136319968091,0.559723801906816,0.535493339848204
"951",0.780049145965539,0.87694818792675,0.521286726551221,0.195721310788569
"952",0.70567468757282,0.979494071997608,0.459208731297749,0.381718789743902
"953",0.725222084633455,0.93121779428174,0.555528604197886,0.315997961976193
"954",0.875079562323611,0.872691583686005,0.365488218256666,0.334174274781049
"955",0.686858005792362,0.772756935746153,0.539088786977018,0.243443547203275
"956",0.869808245611902,0.712033802471114,0.410642181098557,0.318197163730168
"957",0.703285703969492,0.808982362297666,0.221251247400669,0.523997179060423
"958",0.784086545242289,0.763437155054872,0.297945302791508,0.393035412633899
"959",0.935002056303846,0.86958197316337,0.291498907886154,0.295386612663455
"960",0.725789948214388,0.923685556179154,0.469697717551374,0.379118910611086
"961",0.593148955958934,0.966625818687549,0.343433368284448,0.897536902394376
"962",0.989716301197126,0.98351496633391,0.294215982784613,0.1855503387207
"963",0.551037377011772,0.982541292883138,0.549722314190954,0.178237976263587
"964",0.369467566979962,0.980284128996089,0.677559526770541,0.313666759812356
"965",0.742424700634566,0.769387097404407,0.463368372651923,0.396437233122223
"966",0.86003209495644,0.928019791841905,0.549026488495107,0.343182874977284
"967",0.897369270922399,0.712623241779456,0.553561061222639,0.490804918307338
"968",0.335805853876188,0.819783819906106,0.789967594302146,0.188992831096032
"969",0.819352151442167,0.976750079843846,0.404676141792506,0.576618558181745
"970",0.738733544908754,0.88016749288218,0.705745324312368,0.203641062730409
"971",0.832899314262688,0.982865548886422,0.457447785027765,0.292894425309194
"972",0.803670672003574,0.762536565304036,0.319055939348087,0.491095251258939
"973",0.256183792810492,0.919500682514007,0.58039307307492,0.349561415028107
"974",0.188137928499956,0.869119841314522,0.756500462703507,0.250294455641895
"975",0.699147611628232,0.765247608892655,0.49099679665177,0.456664366600289
"976",0.710936150157674,0.936856208214539,0.762700338868099,0.233418023640603
"977",0.747938782469361,0.940676296608284,0.793741782587072,0.0792485100660234
"978",0.805455979967872,0.990496936859199,0.763717595109825,0.206997929618635
"979",0.896181353393332,0.773039233323351,0.767906331760749,0.181916152837208
"980",0.719706354151015,0.881551592408135,0.755529952002982,0.168118244450299
"981",0.330719770681301,0.37475360934545,0.307882025766284,0.722740953485762
"982",0.471469094758767,0.602500770045011,0.330813788757392,0.49314357491005
"983",0.732347851315941,0.280472421896795,0.265970871088721,0.454970615315345
"984",0.319348322672811,0.47812316486327,0.252951653719093,0.672569467635903
"985",0.627539786496825,0.702799226731892,0.458460161792902,0.644116759246402
"986",0.598303582401731,0.4955133742684,0.509224003450935,0.559250486417605
"987",0.36278513151299,0.807073189922156,0.294153808986357,0.676107996034901
"988",0.336937820111122,0.810797606363567,0.351519711542626,0.780210446774506
"989",0.599395344210534,0.82086239891289,0.699736417829182,0.520188366010362
"990",0.930183372167436,0.720985678854024,0.648881768915558,0.145265207022248
"991",0.587218201524148,0.383257919881863,0.389336601443501,0.458398437766538
"992",0.533742205702087,0.811948811447438,0.537763173373287,0.32625463913639
"993",0.194208051260593,0.763215616698912,0.634732248307323,0.492307743734411
"994",0.579183867618868,0.704909042782256,0.314216373816106,0.540643850059991
"995",0.716535122056319,0.975946039243474,0.416470880395372,0.547550059140817
"996",0.662722388168602,0.775169057746278,0.685228175200898,0.265631254154503
"997",0.788342857943644,0.661615085453084,0.712523541038586,0.277555642883121
"998",0.595891493795763,0.937055788732333,0.802641982546514,0.169813164145648
"999",0.85764400479778,0.773800320647721,0.754157996802379,0.0846225969687463
"1000",0.683765024310073,0.889224605261256,0.807068261084343,0.0884900509648129
"1001",0.535500745275115,0.701389691788628,0.327548762985764,0.477953524942976
"1002",0.557640340320977,0.436691809133982,0.176414551450444,0.791977959777512
"1003",0.486859576964654,0.383663216535263,0.483014663193338,0.6469338452737
"1004",0.410119329612107,0.472602736419771,0.092180931980188,0.693519179996347
"1005",0.682360765597553,0.708340455482331,0.333638190285144,0.54653285664891
"1006",0.453119516840316,0.490557100327379,0.457944092685047,0.658277654326279
"1007",0.628401675605917,0.80410690606884,0.295170567311879,0.841390511403927
"1008",0.311035952301189,0.481097781630131,0.485093797553412,0.785596190427221
"1009",0.478447810914295,0.645712736121806,0.355589039121975,0.763484281043967
"1010",0.398836764107508,0.639996544487798,0.160204104908246,0.964234676715777
"1011",0.728972657603211,0.569500205665857,0.554929899592296,0.213335057353102
"1012",0.660275348009048,0.223879116965466,0.574260868126623,0.548024637027933
"1013",0.710434766396791,0.888518914760479,0.845936738428551,0.204041183704671
"1014",0.725003758549446,0.0638442637222321,0.381922012050398,0.435985857864044
"1015",0.694290046412242,0.878018119458535,0.436512091586474,0.289393876681218
"1016",0.15449644067811,0.209915273914041,0.388281994526407,0.962464260180256
"1017",0.536583940553825,0.976366708271966,0.549480431713093,0.531921211402567
"1018",0.674262130045967,0.770218418374938,0.490717260673575,0.32109527719317
"1019",0.29534966792715,0.979145259657287,0.639726268381092,0.26661934904175
"1020",0.765817036853887,0.215003859136949,0.157485045675104,0.636193402461418
"1021",0.322128653746781,0.972179375686788,0.513173050663854,0.54247568267279
"1022",0.616130847325526,0.92215342001794,0.41679128769262,0.304357501653621
"1023",0.80837761621142,0.714899870414175,0.544601466308066,0.264461804426614
"1024",0.374457430279608,0.98442901131232,0.842187748646373,0.282606055349608
"1025",0.270319191430279,0.977607424542125,0.594781185769843,0.278073315215411
"1026",0.651924060803975,0.659344523356013,0.551625972569889,0.359565196131321
"1027",0.71789339745615,0.825519438179453,0.716868597855288,0.188927053824785
"1028",0.728895303008253,0.991970274018911,0.810965621527677,0.111472309426893
"1029",0.721310038011167,0.934102991491589,0.782539961129628,0.156615514741847
"1030",0.730350168414042,0.880830336660663,0.700897702074975,0.150548294239695
"1031",0.917384109263346,0.99136270876343,0.710285918633034,0.187236135939305
"1032",0.898454093135987,0.884574656231877,0.869242457636222,0.29392201790466
"1033",0.930467477930542,0.784046818756697,0.933492482092668,0.0203008489702862
"1034",0.846221761588212,0.929414189311111,0.609234797977299,0.32505955132987
"1035",0.672044770736379,0.529424592135275,0.277038715219233,0.863155545787309
"1036",0.96795933138066,0.987392374482182,0.514389590438253,0.217582098547502
"1037",0.939617416713065,0.978201007912623,0.341412109709952,0.516951435986452
"1038",0.840987464283683,0.661681807608779,0.549320013080317,0.386801321661301
"1039",0.893206400868528,0.457451381531366,0.902774214501731,0.0558480260326868
"1040",0.871391795981935,0.824119786012112,0.426874510274748,0.287907160176526
"1041",0.841231912466482,0.99861346570973,0.962911521708166,0.0117143476895533
"1042",0.894354520088306,0.984690695859029,0.592558761488014,0.412386145817907
"1043",0.422312796735472,0.972807437072628,0.483342197726203,0.556554369685144
"1044",0.840189134552418,0.666776013644287,0.697859484820322,0.273552306591425
"1045",0.940851386384653,0.660215410365368,0.386806228936128,0.355173642438151
"1046",0.55405346141531,0.881546219976893,0.925042591942465,0.237330333661468
"1047",0.502323618043246,0.921671963473719,0.566494900532384,0.422863427519303
"1048",0.953484705690655,0.988322870406673,0.547610536893176,0.191878210186846
"1049",1,0.922917272805409,0.130524824591563,0.235738011570198
"1050",0.507672698454858,0.340069784416888,0.640094802586236,0.199436723517851
"1051",0.499178252539085,0.253106476553508,0,0.732098292677594
"1052",0.879248743276095,0.656421312377904,0.236847479278273,0.333542644584565
"1053",0.933303464913729,0.986935885916774,0.532624633772587,0.237063057454376
"1054",0.88316479023397,0.455181140131797,0.854253162655334,0.23468064401003
"1055",0.874447930114916,0.887372031779128,0.82785397753311,0.0532300942027871
"1056",0.89927532402736,0.988128708401117,0.635754592003395,0.267792256834294
"1057",0.706438292630954,0.494404575609713,0.597960784459191,0.310541637434017
"1058",0.816325807326086,0.875591027534426,0.445903658193079,0.212294428345832
"1059",0.889351224400933,0.987721410170344,0.735009983942195,0.410202487549594
"1060",0.893384859954898,0.676489550085581,0.925391652623578,0.0352296194357005
"1061",0.978845466963952,0.975127680576378,0.0885357070899235,0.410891188996315
"1062",0.942381831843412,0.822742196259132,0.279774045749604,0.244914775272772
"1063",0.849579854065562,0.995278252143791,0.919955108220097,0.162372285605596
"1064",0.812302160176226,0.937509945108656,0.909845963399374,0.198531658072915
"1065",0.911377617866169,0.97732329351653,0.327103148328959,0.525533364053505
"1066",0.967596341202626,0.613123094601387,0.222013224037092,0.233704966601664
"1067",0.501438770357568,0.874187978000658,0.682415577490581,0.316884825101509
"1068",0.912379062775765,0.666842389010104,0.548681137070365,0.143166347142441
"1069",0.896851616121164,0.131730620403161,0.586953081292329,0.168486494313513
"1070",0.841749913382144,0.996296694174404,0.934494670840118,0.113465840073087
"1071",0.895152613460846,0.660222460089514,0.413930035036916,0.348614386376395
"1072",0.74775951468941,0.98341399964511,0.451598558893523,0.176673675306216
"1073",0.581427934411614,0.649047291617192,0.422520718462537,0.583064231644225
"1074",0.887165439813325,0.615147999702705,0.700828278073131,0.312012346691062
"1075",0.455839708912665,0.991552508320335,0.953201160079262,0.0742158813033638
"1076",0.84168754157483,0.670770621472387,0.767926631760737,0.127227440788903
"1077",0.900800319234501,0.923803861074649,0.274302714757602,0.278425721846897
"1078",0.917673966874443,0.989550467981924,0.61779387231677,0.176763410827791
"1079",0.925073644510004,0.986222068754833,0.49879622329979,0.22880866819125
"1080",0.687080006546226,0.969433091657081,0.179614790043625,0.604974194458873
"1081",0.939873840736853,0.660928333436518,0.331094423696709,0.240603826756864
"1082",0.930718243299412,0.315828530949478,0.0556427364131834,0.469967107319668
"1083",0.55164897859803,0.871260464831174,0.609781970518298,0.167666847511721
"1084",0.877077247483696,0.882549018783463,0.88757158069128,0.236214612217148
"1085",0.913104286213699,0.87791309757743,0.552324450647295,0.297112987903679
"1086",0.15009367589498,0.00836550675628268,0.514004658223195,0.31243100906556
"1087",0.82985830601903,0.704619206654286,0.338885349975823,0.471142131382391
"1088",0.177694353287172,0.813571424730554,0.636953951093936,0.220847559179115
"1089",0.522279891249396,0.598611638328202,0.538559653964229,0.210413319161208
"1090",0.923644520985565,0.928374536368056,0.490924742850941,0.304600307828923
"1091",0.95113630226419,0.940870483787144,0.840581297183793,0.0343110062726134
"1092",0.755775003346108,0.935949105156068,0.844369694433245,0.156897993895064
"1093",0.924137905318612,0.934380256664251,0.661465235695549,0.16650973016799
"1094",0.931927109954561,0.988220635296303,0.534204130973694,0.161509526514882
"1095",0.555172956251127,0.969024784786114,0.319389607642421,0.690234228950646
"1096",0.713342673833143,0.924513216478543,0.533133819489866,0.400025088892509
"1097",0.937013921749591,0.985002074116561,0.504996372569002,0.319922230253522
"1098",0.477702089423911,0.985473060907076,0.709215241488246,0.142644223617596
"1099",0.877266069474312,0.655622858337604,0.550290377260525,0.505445983892371
"1100",0.959217536050898,0.991996002458062,0.634584646035471,0.0900904714608645
"1101",0.922859618085066,0.617027557242716,0.640800952356585,0.15538654821899
"1102",0.663358570333012,0.652263961341473,0.446928388942985,0.656496547596308
"1103",0.982059145120242,0.990009543935404,0.544404148106247,0.11309809611066
"1104",0.756589341015442,0.995633405580978,0.906841795318251,0.0413165428781542
"1105",0.67723492176716,0.0130743465836483,0.488342034623897,0.471177971318559
"1106",0.870966026844836,0.999075643806487,0.9605438020013,0.00780956512636887
"1107",0.917889010498303,0.666139816104907,0.590227625504212,0.243037819009646
"1108",0.28088608481879,0.96939049936353,0.408745006937701,0.537613815505503
"1109",0.962999174132685,0.983043452818139,0.365951828875363,0.281523730689265
"1110",0.94664393469666,0.657314081383312,0.166282420392515,0.250413972072868
"1111",0.895751562050955,0.989503687203879,0.686402965500841,0.247782045027476
"1112",0.673683406708692,0.981085752630155,0.516676870368158,0.332104498088065
"1113",0.507508820023796,0.554052629091642,0.599666733934121,0.398199253522197
"1114",0.909504010145442,0.994410015364671,0.862391922317765,0.193855311256291
"1115",0.691600360627997,0.874098651998962,0.552358103501176,0.325734811018
"1116",0.47060413101673,0.345110431984453,0.902830030528341,0.203144907625734
"1117",0.480831515561697,0.54383709239369,0.490933064887387,0.384654183017325
"1118",0.552037375369795,0.986628506148968,0.70329594222108,0.132882267209635
"1119",0.87136824584414,0.758939100435341,0.371900994554878,0.308155901881323
"1120",0.941372179589689,0.996958403790386,0.833740254297458,0.034235247460031
"1121",0.992949685638959,0.982615833201045,0.258131153285248,0.195670697631545
"1122",0.523655250699226,0.980034285597959,0.576946965576211,0.337583787889943
"1123",0.926358299264388,0.977430556187852,0.322008062660929,0.526033093713563
"1124",0.896473203722838,0.981448046351957,0.373975753056313,0.327108487525986
"1125",0.682254918567253,0.6536197128878,0.306594556209067,0.413154337130428
"1126",0.905702603857252,0.57849854289215,0.868829246915018,0.0561402284785395
"1127",0.968420451325511,0.986803220956424,0.456402896334382,0.178760843498638
"1128",0.931472169135807,0.663218662557259,0.502801952539398,0.316836099004195
"1129",0.726584746812254,0.337196934619294,0.676700036720249,0.155275502363339
"1130",0.919482404777039,0.983734283953304,0.524602805443974,0.404684160924179
"1131",0.416163396874611,0.927571039201857,0.838997845914016,0.619252657437311
"1132",0.882998970258595,0.983300519932626,0.428949332171928,0.275362705263067
"1133",0.508408357403735,0.964530099592812,0.209200308392398,0.774423583141644
"1134",0.715010046810318,0.385521961852791,0.365729464154896,0.407918709703156
"1135",0.900310727883944,0.495045413754049,0.476249278867496,0.290006738647824
"1136",0.867036893643804,0.995802958548494,0.839659553564624,0.0439972038679919
"1137",0.536401750079029,0.651334880713393,0.437090137129723,0.585572325979597
"1138",0.911299118424784,0.658412116141491,0.23126602288156,0.236757490912022
"1139",0.66475071024694,0.987079005705106,0.716936702603328,0.224376309061518
"1140",0.533940056666946,0.885290892196065,0.976165654210618,0.0622750660768542
"1141",0.909273138964309,0.883738844293219,0.771136958272691,0.227655010617827
"1142",0.923076653550062,0.343150424285428,0.479605301671457,0.182385062472185
"1143",0.915098851334676,0.776505993742686,0.933961814977507,0.023005678486175
"1144",0.906027653284285,0.986646132134121,0.571720963794783,0.279945783473291
"1145",0.919089613968703,0.663633227804954,0.554192875420446,0.34692582901788
"1146",0.426771985074231,0.655456991096838,0.546132179295363,0.382190494363244
"1147",0.944350478861721,0.991764913409684,0.635768505888904,0.0920428627424567
"1148",0.787927892506905,0.986918843335478,0.557101049152774,0.139404906493773
"1149",0.907422086390805,0.983690546012392,0.522200151997149,0.393421455468255
"1150",0.902047989427377,0.885747999546926,0.851770206139685,0.205040592872679
"1151",0.528496846526883,0.763687807832591,0.636053133678501,0.239976411344056
"1152",0.521014594009159,0.979708347986657,0.605439706798766,0.391071571687981
"1153",0.48177979629488,0.708037461027099,0.756391604014189,0.308855604637364
"1154",0.541747092965734,0.878754636199719,0.724304813600894,0.135196427551847
"1155",0.73232050616961,0.986606518435825,0.685950590350536,0.273207870460135
"1156",0.254481862434112,0.54604322336734,0.515187909569378,0.607104813592952
"1157",0.95966611121079,0.876395217645466,0.531730000499147,0.127494739121214
"1158",0.876524663047719,0.602443145542032,0.343998043266929,0.325511903183338
"1159",0.930582027342798,0.877813310874506,0.533328056240969,0.294350945561827
"1160",0.956083350225278,0.778520431183619,0.64897036107374,0.0999796467237046
"1161",0.963080190724015,0.990921883107302,0.591477110324266,0.1021804200407
"1162",0.948213133534838,0.990690794058924,0.592660970177699,0.104132811322292
"1163",0.928083971129239,0.98711660085077,0.55445794912361,0.249610832775147
"1164",0.944065637413105,0.982672450786735,0.376101272599819,0.299632783983147
"1165",0.925725450749544,0.977330071206427,0.281516485310929,0.47959479907543
"1166",0.938342756432539,0.980339656469925,0.2086141001256,0.218695928295705
"1167",0.873086705545381,0.977351124813767,0.450078956462051,0.64708854303651
"1168",0.957596602897705,0.987179442186396,0.501721434528591,0.204748277538398
"1169",0.866421826870889,0.880873332999288,0.587958553266785,0.125080049346641
"1170",0.91933727314427,0.979106482965331,0.352809059344381,0.459600068688545
"1171",0.573444889410918,0.710860203049905,0.329553326752905,0.29416579045415
"1172",0.0755528393225389,0.876144612352695,0.93639076852344,0.14492216519596
"1173",0.595427123974091,0.879578430247458,0.894513173656679,0.0770874822311776
"1174",0.116632422352002,0.0178331225643025,0.893577663445029,0.205890700431501
"1175",0.593588286191559,0.77500737814729,0.757893658784062,0.12402045299831
"1176",0.690539525255079,0.887011335501192,0.936762985433483,0.0496369379999829
"1177",0.707483829703839,0.988669577371117,0.676761004923945,0.116635252441245
"1178",0.729319500703303,0.8307532474569,0.742969264498777,0.103978910941666
"1179",0.533677734698228,0.395963406361976,0.602091916931354,0.202997098894659
"1180",0.921376461234131,0.783806363214712,0.871568333832436,0.039834189086071
"1181",0.057975904673339,0.87616016339274,0.992920719891974,0.200657366502775
"1182",0.664580657216463,0.99170664804938,0.819953734471718,0.0811294063057007
"1183",0.500363002156265,0.931561238814143,0.614701537290698,0.170259947962343
"1184",0.228369923046962,0.603977922999571,0.877965725494026,0.155902856960459
"1185",0.169829207534884,0.931234594784318,0.822578118817022,0.160229733826221
"1186",0.132920955798216,0.930650311914923,1,0.114017142383476
"1187",0.25602367606417,0.66430365468656,0.949050133202555,0.12700421295248
"1188",0.108531444390267,0.649483016549475,0.545090903869212,0.268822986624768
"1189",0.482864508872746,0.992210910207905,0.960043327748195,0.0680196701788904
"1190",0.351674078185214,0.986211148811953,0.821029050763408,0.1292385032093
